session_id,device_id,location_id,location_name,session_start_utc,session_end_utc,charge_duration_seconds,energy_kwh,charging_kw,max_power,min_power,start_soc,end_soc,cost,cost_without_overrides,miles_added,charging_voltage,charging_amperage,is_complete,recorded_at,latitude,longitude,charging_network,location_type,is_free,charge_type,location_address,evse_voltage,evse_amperage,evse_kw,evse_energy_kwh,evse_max_power_kw,evse_source
21e987a9-ed84-31d0-6d25-2695d5a63f49,demo_lightning_showcase,1,Home,2025-01-01T22:29:00-05:00,2025-01-01T22:56:00-05:00,1620.0,2.31,8.21,9.24,7.17,69.1,72.3,0.37,0.37,4.9,240,40,True,2025-01-01T22:56:00-05:00,39.2904,-76.6122,Home,home,False,AC,"Maple Heights, Baltimore MD",240,40,9.6,2.52,9.8,estimated
9e8c9b6a-3b66-c6d1-9884-682bc3d54f31,demo_lightning_showcase,1,Home,2025-01-03T23:38:00-05:00,2025-01-04T00:14:00-05:00,2160.0,2.86,8.93,9.03,8.82,51.0,54.7,0.46,0.46,6.0,240,40,True,2025-01-04T00:14:00-05:00,39.2904,-76.6122,Home,home,False,AC,"Maple Heights, Baltimore MD",240,40,9.6,3.18,9.8,estimated
17534ccf-bfd5-b1bd-c9ef-ad9a6ad82922,demo_lightning_showcase,1,Home,2025-01-07T22:13:00-05:00,2025-01-07T22:50:00-05:00,2220.0,2.54,7.85,8.02,7.69,39.5,42.4,0.27,0.41,5.3,240,40,True,2025-01-07T22:50:00-05:00,39.2904,-76.6122,Home,home,False,AC,"Maple Heights, Baltimore MD",240,40,9.6,2.83,9.8,estimated
c71c3829-1dfc-0e17-4fdf-03d9ec335c5b,demo_lightning_showcase,1,Home,2025-01-10T22:53:00-05:00,2025-01-10T23:42:00-05:00,2940.0,5.34,8.63,9.05,8.24,21.8,27.0,0.85,0.85,11.2,240,40,True,2025-01-10T23:42:00-05:00,39.2904,-76.6122,Home,home,False,AC,"Maple Heights, Baltimore MD",240,40,9.6,5.8,9.8,estimated
587983da-d21b-f038-cff7-9567c2715a8e,demo_lightning_showcase,1,Home,2025-01-13T21:15:00-05:00,2025-01-13T21:49:00-05:00,2040.0,1.76,7.59,7.63,7.54,25.7,28.7,0.28,0.28,3.7,240,40,True,2025-01-13T21:49:00-05:00,39.2904,-76.6122,Home,home,False,AC,"Maple Heights, Baltimore MD",240,40,9.6,1.95,9.8,estimated
cb807445-7701-278a-358c-f7d6d889582f,demo_lightning_showcase,2,Work,2025-01-16T10:45:00-05:00,2025-01-16T11:47:00-05:00,3720.0,4.56,5.81,6.39,5.31,10.4,15.1,0.0,0.0,9.6,208,32,True,2025-01-16T11:47:00-05:00,39.2798,-76.6061,Workplace Energy,work,True,AC,"Harbor Office Garage, Baltimore MD",208,32,6.6,5.0,7.0,stall_default
a08f15d3-225f-91df-db47-c9471777752c,demo_lightning_showcase,1,Home,2025-01-21T20:12:00-05:00,2025-01-21T21:01:00-05:00,2940.0,4.48,8.05,8.83,7.31,15.4,20.0,0.72,0.72,9.4,240,40,True,2025-01-21T21:01:00-05:00,39.2904,-76.6122,Home,home,False,AC,"Maple Heights, Baltimore MD",240,40,9.6,4.73,9.8,estimated
c496dd9e-0dd7-6ed6-440e-cfd8bec9e2a4,demo_lightning_showcase,1,Home,2025-01-24T22:27:00-05:00,2025-01-24T23:01:00-05:00,2040.0,2.61,7.94,8.24,7.65,23.3,26.3,0.42,0.42,5.5,240,40,True,2025-01-24T23:01:00-05:00,39.2904,-76.6122,Home,home,False,AC,"Maple Heights, Baltimore MD",240,40,9.6,2.79,9.8,estimated
490fa0e1-e32d-c5bf-6444-4346daa92cbd,demo_lightning_showcase,106,BP Pulse - Newark Hub,2025-01-26T09:40:00-05:00,2025-01-26T10:06:00-05:00,1560.0,13.16,65.6,70.47,60.73,19.1,44.7,5.26,5.26,27.6,500,240,True,2025-01-26T10:06:00-05:00,40.7357,-74.1724,BP Pulse,highway,False,DC,"Newark Gateway Center, NJ",500,240,110.0,14.65,120.0,stall_default
93c55bd0-dd4a-f574-9419-5fedf4ed4f74,demo_lightning_showcase,1,Home,2025-01-28T22:18:00-05:00,2025-01-28T23:07:00-05:00,2940.0,4.27,8.33,9.32,7.07,49.1,54.0,0.68,0.68,9.0,240,40,True,2025-01-28T23:07:00-05:00,39.2904,-76.6122,Home,home,False,AC,"Maple Heights, Baltimore MD",240,40,9.6,4.74,9.8,estimated
115cc4c6-54a4-ab7f-305b-0a6db38ca65a,demo_lightning_showcase,1,Home,2025-01-30T21:19:00-05:00,2025-01-30T22:09:00-05:00,3000.0,4.61,8.27,9.44,7.6,41.7,46.5,0.74,0.74,9.7,240,40,True,2025-01-30T22:09:00-05:00,39.2904,-76.6122,Home,home,False,AC,"Maple Heights, Baltimore MD",240,40,9.6,4.85,9.8,estimated
dd660d80-ad11-f252-c7e1-9d7319592de6,demo_lightning_showcase,2,Work,2025-01-31T09:01:00-05:00,2025-01-31T09:56:00-05:00,3300.0,4.1,5.8,6.54,5.08,44.0,48.4,0.0,0.0,8.6,208,32,True,2025-01-31T09:56:00-05:00,39.2798,-76.6061,Workplace Energy,work,True,AC,"Harbor Office Garage, Baltimore MD",208,32,6.6,4.36,7.0,stall_default
88212d7c-0fe3-a556-61fd-6318a82b1916,demo_lightning_showcase,1,Home,2025-01-31T21:26:00-05:00,2025-01-31T22:33:00-05:00,4020.0,6.58,8.42,8.75,8.05,44.4,50.7,0.79,1.05,13.8,240,40,True,2025-01-31T22:33:00-05:00,39.2904,-76.6122,Home,home,False,AC,"Maple Heights, Baltimore MD",240,40,9.6,7.12,9.8,estimated
fe20ddc8-d6a3-08e7-0f29-0103c1f9e733,demo_lightning_showcase,1,Home,2025-01-31T23:39:00-05:00,2025-02-01T00:12:00-05:00,1980.0,2.27,7.66,8.01,7.32,50.7,53.8,0.36,0.36,4.8,240,40,True,2025-02-01T00:12:00-05:00,39.2904,-76.6122,Home,home,False,AC,"Maple Heights, Baltimore MD",240,40,9.6,2.5,9.8,estimated
a3d6bd10-0cfb-01af-774a-08a1820e728d,demo_lightning_showcase,1,Home,2025-02-02T21:34:00-05:00,2025-02-02T22:09:00-05:00,2100.0,2.77,8.04,8.76,7.32,50.8,53.8,0.44,0.44,5.8,240,40,True,2025-02-02T22:09:00-05:00,39.2904,-76.6122,Home,home,False,AC,"Maple Heights, Baltimore MD",240,40,9.6,3.08,9.8,estimated
95e258be-6977-c5c0-d643-b435e51cbd36,demo_lightning_showcase,1,Home,2025-02-04T22:49:00-05:00,2025-02-04T23:18:00-05:00,1740.0,1.96,8.55,9.04,8.07,48.4,51.5,0.31,0.31,4.1,240,40,True,2025-02-04T23:18:00-05:00,39.2904,-76.6122,Home,home,False,AC,"Maple Heights, Baltimore MD",240,40,9.6,2.07,9.8,estimated
f848ff18-a994-7baf-f0bf-46398586f74f,demo_lightning_showcase,2,Work,2025-02-05T09:10:00-05:00,2025-02-05T09:36:00-05:00,1560.0,1.41,6.03,6.51,5.56,34.6,37.0,0.0,0.0,3.0,208,32,True,2025-02-05T09:36:00-05:00,39.2798,-76.6061,Workplace Energy,work,True,AC,"Harbor Office Garage, Baltimore MD",208,32,6.6,1.5,7.0,stall_default
dde201a4-5669-68ec-20f4-ff4a25985d1c,demo_lightning_showcase,1,Home,2025-02-05T20:31:00-05:00,2025-02-05T21:20:00-05:00,2940.0,3.97,7.99,8.45,7.65,50.6,55.2,0.64,0.64,8.3,240,40,True,2025-02-05T21:20:00-05:00,39.2904,-76.6122,Home,home,False,AC,"Maple Heights, Baltimore MD",240,40,9.6,4.2,9.8,estimated
fe7ca941-dd9e-a6eb-cbcd-d234002b20b3,demo_lightning_showcase,1,Home,2025-02-06T20:15:00-05:00,2025-02-06T21:42:00-05:00,5220.0,10.75,8.68,9.35,7.95,58.2,68.2,1.72,1.72,22.6,240,40,True,2025-02-06T21:42:00-05:00,39.2904,-76.6122,Home,home,False,AC,"Maple Heights, Baltimore MD",240,40,9.6,11.84,9.8,estimated
eaefb4e1-6e2a-82f8-25dd-75331e88f365,demo_lightning_showcase,2,Work,2025-02-07T10:44:00-05:00,2025-02-07T11:21:00-05:00,2220.0,1.89,6.31,6.66,5.96,65.8,68.0,0.0,0.0,4.0,208,32,True,2025-02-07T11:21:00-05:00,39.2798,-76.6061,Workplace Energy,work,True,AC,"Harbor Office Garage, Baltimore MD",208,32,6.6,2.02,7.0,stall_default
04f8cf28-84e0-067e-74d8-a76af761adc8,demo_lightning_showcase,1,Home,2025-02-10T21:41:00-05:00,2025-02-10T23:21:00-05:00,6000.0,10.8,8.12,8.95,7.05,38.6,48.0,1.73,1.73,22.7,240,40,True,2025-02-10T23:21:00-05:00,39.2904,-76.6122,Home,home,False,AC,"Maple Heights, Baltimore MD",240,40,9.6,11.71,9.8,estimated
d4811f1c-e63e-bdf6-3f24-91a85cafd269,demo_lightning_showcase,1,Home,2025-02-11T20:15:00-05:00,2025-02-11T20:43:00-05:00,1680.0,1.96,8.23,8.4,8.07,42.6,45.9,0.31,0.31,4.1,240,40,True,2025-02-11T20:43:00-05:00,39.2904,-76.6122,Home,home,False,AC,"Maple Heights, Baltimore MD",240,40,9.6,2.1,9.8,estimated
8feaf25c-963f-872a-2d5b-ee30983678d7,demo_lightning_showcase,1,Home,2025-02-14T22:34:00-05:00,2025-02-14T23:10:00-05:00,2160.0,2.5,7.83,7.89,7.77,47.8,50.8,0.32,0.4,5.2,240,40,True,2025-02-14T23:10:00-05:00,39.2904,-76.6122,Home,home,False,AC,"Maple Heights, Baltimore MD",240,40,9.6,2.7,9.8,estimated
e3d744df-2cc1-3fdb-fda6-876a4515f28e,demo_lightning_showcase,105,Shell Recharge - Wilmington Plaza,2025-02-22T14:32:00-05:00,2025-02-22T15:07:00-05:00,2100.0,12.58,52.5,54.67,50.33,42.0,61.7,5.54,5.54,26.4,500,280,True,2025-02-22T15:07:00-05:00,39.7686,-75.5525,Shell Recharge,highway,False,DC,"Wilmington Travel Plaza, DE",500,280,125.0,13.85,150.0,stall_default
111cbf15-b53c-ed33-bb45-05b036bf65ba,demo_lightning_showcase,1,Home,2025-02-23T20:58:00-05:00,2025-02-23T21:29:00-05:00,1860.0,2.7,9.1,9.53,8.68,61.7,65.1,0.43,0.43,5.7,240,40,True,2025-02-23T21:29:00-05:00,39.2904,-76.6122,Home,home,False,AC,"Maple Heights, Baltimore MD",240,40,9.6,2.91,9.8,estimated
e64ceef8-4526-94a9-4b70-d60808fcc8a7,demo_lightning_showcase,1,Home,2025-02-24T21:11:00-05:00,2025-02-24T21:50:00-05:00,2340.0,2.55,8.76,9.47,8.05,60.8,64.3,0.41,0.41,5.4,240,40,True,2025-02-24T21:50:00-05:00,39.2904,-76.6122,Home,home,False,AC,"Maple Heights, Baltimore MD",240,40,9.6,2.76,9.8,estimated
bf920b76-1f0b-bf04-a59d-638e10764cf2,demo_lightning_showcase,1,Home,2025-02-25T22:37:00-05:00,2025-02-25T23:16:00-05:00,2340.0,2.69,8.71,8.93,8.49,51.1,54.7,0.43,0.43,5.6,240,40,True,2025-02-25T23:16:00-05:00,39.2904,-76.6122,Home,home,False,AC,"Maple Heights, Baltimore MD",240,40,9.6,2.95,9.8,estimated
913883a7-ee9e-7a64-e50d-0962dcd445c0,demo_lightning_showcase,1,Home,2025-02-26T20:09:00-05:00,2025-02-26T21:00:00-05:00,3060.0,4.58,8.37,8.61,8.08,47.9,52.7,0.59,0.73,9.6,240,40,True,2025-02-26T21:00:00-05:00,39.2904,-76.6122,Home,home,False,AC,"Maple Heights, Baltimore MD",240,40,9.6,5.01,9.8,estimated
4fcf52d5-f5cf-8698-f09e-5b7fb14a378d,demo_lightning_showcase,1,Home,2025-02-26T22:51:00-05:00,2025-02-27T00:11:00-05:00,4800.0,8.84,7.91,8.83,7.39,52.7,60.2,0.89,1.41,18.6,240,40,True,2025-02-27T00:11:00-05:00,39.2904,-76.6122,Home,home,False,AC,"Maple Heights, Baltimore MD",240,40,9.6,9.51,9.8,estimated
fa5e0cdb-ef86-d648-d9d2-910a2ede65ff,demo_lightning_showcase,2,Work,2025-02-28T11:43:00-05:00,2025-02-28T12:17:00-05:00,2040.0,1.65,6.41,6.58,6.23,53.4,55.8,0.0,0.0,3.5,208,32,True,2025-02-28T12:17:00-05:00,39.2798,-76.6061,Workplace Energy,work,True,AC,"Harbor Office Garage, Baltimore MD",208,32,6.6,1.8,7.0,stall_default
1cf37f86-5426-fc27-7ee0-855b412efbe3,demo_lightning_showcase,1,Home,2025-02-28T22:30:00-05:00,2025-02-28T23:07:00-05:00,2220.0,3.14,8.96,9.42,8.5,57.3,60.6,0.5,0.5,6.6,240,40,True,2025-02-28T23:07:00-05:00,39.2904,-76.6122,Home,home,False,AC,"Maple Heights, Baltimore MD",240,40,9.6,3.46,9.8,estimated
3f1c3ca8-2daa-c51e-702a-031d305cbe4e,demo_lightning_showcase,2,Work,2025-03-03T09:29:00-04:00,2025-03-03T10:05:00-04:00,2160.0,1.64,5.89,6.01,5.78,47.5,49.8,0.0,0.0,3.4,208,32,True,2025-03-03T10:05:00-04:00,39.2798,-76.6061,Workplace Energy,work,True,AC,"Harbor Office Garage, Baltimore MD",208,32,6.6,1.79,7.0,stall_default
62e0b700-e938-e56e-a4d1-af73a48b4ec1,demo_lightning_showcase,1,Home,2025-03-03T20:00:00-04:00,2025-03-03T20:45:00-04:00,2700.0,4.59,8.67,9.37,7.6,38.5,43.2,0.73,0.73,9.6,240,40,True,2025-03-03T20:45:00-04:00,39.2904,-76.6122,Home,home,False,AC,"Maple Heights, Baltimore MD",240,40,9.6,5.07,9.8,estimated
6fa1b9d8-94c6-e644-e0ac-5e04e9765be7,demo_lightning_showcase,1,Home,2025-03-09T23:09:00-04:00,2025-03-09T23:56:00-04:00,2820.0,4.31,8.82,9.59,8.18,54.2,59.2,0.69,0.69,9.1,240,40,True,2025-03-09T23:56:00-04:00,39.2904,-76.6122,Home,home,False,AC,"Maple Heights, Baltimore MD",240,40,9.6,4.53,9.8,estimated
a5ffd6e3-3a1e-1281-3d66-b2c5afd371b4,demo_lightning_showcase,1,Home,2025-03-11T20:20:00-04:00,2025-03-11T20:57:00-04:00,2220.0,3.03,9.13,9.19,9.08,48.1,51.6,0.36,0.48,6.4,240,40,True,2025-03-11T20:57:00-04:00,39.2904,-76.6122,Home,home,False,AC,"Maple Heights, Baltimore MD",240,40,9.6,3.31,9.8,estimated
f65ccb15-664d-aabe-bff7-e0419a4d2d07,demo_lightning_showcase,1,Home,2025-03-12T20:05:00-04:00,2025-03-12T20:35:00-04:00,1800.0,2.34,8.19,8.79,7.6,49.2,52.3,0.37,0.37,4.9,240,40,True,2025-03-12T20:35:00-04:00,39.2904,-76.6122,Home,home,False,AC,"Maple Heights, Baltimore MD",240,40,9.6,2.5,9.8,estimated
f0196377-4a22-1a33-4e7f-24d0bf8655f8,demo_lightning_showcase,1,Home,2025-03-12T21:40:00-04:00,2025-03-12T22:37:00-04:00,3420.0,5.14,7.73,8.57,7.28,52.3,56.7,0.82,0.82,10.8,240,40,True,2025-03-12T22:37:00-04:00,39.2904,-76.6122,Home,home,False,AC,"Maple Heights, Baltimore MD",240,40,9.6,5.52,9.8,estimated
7ea1b9bf-8b08-dbdd-011f-f45d499bb925,demo_lightning_showcase,2,Work,2025-03-13T09:14:00-04:00,2025-03-13T09:55:00-04:00,2460.0,2.91,6.01,6.13,5.89,56.6,59.9,0.0,0.0,6.1,208,32,True,2025-03-13T09:55:00-04:00,39.2798,-76.6061,Workplace Energy,work,True,AC,"Harbor Office Garage, Baltimore MD",208,32,6.6,3.23,7.0,stall_default
b264468d-a355-f8f4-7967-47a0d933ec15,demo_lightning_showcase,2,Work,2025-03-14T10:45:00-04:00,2025-03-14T11:17:00-04:00,1920.0,1.39,6.28,6.41,6.15,49.0,51.4,0.0,0.0,2.9,208,32,True,2025-03-14T11:17:00-04:00,39.2798,-76.6061,Workplace Energy,work,True,AC,"Harbor Office Garage, Baltimore MD",208,32,6.6,1.52,7.0,stall_default
c54da125-6639-4de7-d3b8-d0d76efd84b8,demo_lightning_showcase,1,Home,2025-03-17T22:24:00-04:00,2025-03-17T22:48:00-04:00,1440.0,1.61,8.0,8.04,7.96,38.1,41.0,0.26,0.26,3.4,240,40,True,2025-03-17T22:48:00-04:00,39.2904,-76.6122,Home,home,False,AC,"Maple Heights, Baltimore MD",240,40,9.6,1.71,9.8,estimated
358be133-a449-bad7-5ed3-084038a242ed,demo_lightning_showcase,1,Home,2025-03-18T22:30:00-04:00,2025-03-18T23:16:00-04:00,2760.0,4.72,8.33,9.38,7.52,13.0,17.9,0.76,0.76,9.9,240,40,True,2025-03-18T23:16:00-04:00,39.2904,-76.6122,Home,home,False,AC,"Maple Heights, Baltimore MD",240,40,9.6,5.22,9.8,estimated
a8b9ce28-4fe7-5953-ddac-d6aa7c989743,demo_lightning_showcase,2,Work,2025-03-20T11:19:00-04:00,2025-03-20T12:12:00-04:00,3180.0,3.19,5.51,5.72,5.27,31.0,34.1,0.0,0.0,6.7,208,32,True,2025-03-20T12:12:00-04:00,39.2798,-76.6061,Workplace Energy,work,True,AC,"Harbor Office Garage, Baltimore MD",208,32,6.6,3.55,7.0,stall_default
32b39f93-0aed-febb-f94b-f12576ae3503,demo_lightning_showcase,1,Home,2025-03-20T22:42:00-04:00,2025-03-20T23:11:00-04:00,1740.0,1.61,8.0,8.05,7.95,33.9,37.2,0.26,0.26,3.4,240,40,True,2025-03-20T23:11:00-04:00,39.2904,-76.6122,Home,home,False,AC,"Maple Heights, Baltimore MD",240,40,9.6,1.79,9.8,estimated
23157e5e-b0da-27e3-d184-8fa7bcf97e48,demo_lightning_showcase,1,Home,2025-03-21T20:19:00-04:00,2025-03-21T22:01:00-04:00,6120.0,12.5,8.79,9.58,7.55,23.0,33.0,2.0,2.0,26.2,240,40,True,2025-03-21T22:01:00-04:00,39.2904,-76.6122,Home,home,False,AC,"Maple Heights, Baltimore MD",240,40,9.6,13.45,9.8,estimated
e9aad8bc-0a74-4931-75e2-6c1d6b0ac37e,demo_lightning_showcase,1,Home,2025-03-22T20:32:00-04:00,2025-03-22T21:03:00-04:00,1860.0,1.64,7.76,7.94,7.57,42.3,45.2,0.26,0.26,3.4,240,40,True,2025-03-22T21:03:00-04:00,39.2904,-76.6122,Home,home,False,AC,"Maple Heights, Baltimore MD",240,40,9.6,1.76,9.8,estimated
02571003-846b-a610-74a0-9b8de18a85c7,demo_lightning_showcase,2,Work,2025-03-24T10:27:00-04:00,2025-03-24T11:00:00-04:00,1980.0,1.22,6.19,6.74,5.64,43.2,45.6,0.0,0.0,2.6,208,32,True,2025-03-24T11:00:00-04:00,39.2798,-76.6061,Workplace Energy,work,True,AC,"Harbor Office Garage, Baltimore MD",208,32,6.6,1.28,7.0,stall_default
9de516c9-1dd0-f63b-33e1-caad49911d21,demo_lightning_showcase,1,Home,2025-03-24T20:44:00-04:00,2025-03-24T21:17:00-04:00,1980.0,1.95,7.23,7.31,7.16,37.6,40.6,0.31,0.31,4.1,240,40,True,2025-03-24T21:17:00-04:00,39.2904,-76.6122,Home,home,False,AC,"Maple Heights, Baltimore MD",240,40,9.6,2.11,9.8,estimated
3afb02d3-f408-f8bf-4e49-7da73142a263,demo_lightning_showcase,2,Work,2025-03-25T10:22:00-04:00,2025-03-25T10:57:00-04:00,2100.0,1.84,6.11,6.12,6.09,40.6,42.9,0.0,0.0,3.9,208,32,True,2025-03-25T10:57:00-04:00,39.2798,-76.6061,Workplace Energy,work,True,AC,"Harbor Office Garage, Baltimore MD",208,32,6.6,1.97,7.0,stall_default
0c1c88d7-a449-51c7-17ce-3209b0ff8e10,demo_lightning_showcase,1,Home,2025-03-25T23:07:00-04:00,2025-03-26T00:00:00-04:00,3180.0,4.37,7.69,8.17,7.05,35.3,39.5,0.7,0.7,9.2,240,40,True,2025-03-26T00:00:00-04:00,39.2904,-76.6122,Home,home,False,AC,"Maple Heights, Baltimore MD",240,40,9.6,4.74,9.8,estimated
2e58558c-bc75-a9a3-f307-6f7f78c6d6f1,demo_lightning_showcase,1,Home,2025-03-30T21:59:00-04:00,2025-03-30T22:33:00-04:00,2040.0,2.08,7.56,7.8,7.33,43.7,46.4,0.33,0.33,4.4,240,40,True,2025-03-30T22:33:00-04:00,39.2904,-76.6122,Home,home,False,AC,"Maple Heights, Baltimore MD",240,40,9.6,2.26,9.8,estimated
40695406-e959-22fe-5bcf-781706f890be,demo_lightning_showcase,1,Home,2025-03-31T22:19:00-04:00,2025-03-31T23:02:00-04:00,2580.0,3.73,7.94,9.01,7.07,33.8,38.6,0.6,0.6,7.8,240,40,True,2025-03-31T23:02:00-04:00,39.2904,-76.6122,Home,home,False,AC,"Maple Heights, Baltimore MD",240,40,9.6,3.94,9.8,estimated
6e4a0d03-7abd-cac3-0396-706d38da56d2,demo_lightning_showcase,2,Work,2025-04-01T10:15:00-04:00,2025-04-01T10:46:00-04:00,1860.0,1.63,5.29,5.44,5.14,38.6,40.6,0.0,0.0,3.4,208,32,True,2025-04-01T10:46:00-04:00,39.2798,-76.6061,Workplace Energy,work,True,AC,"Harbor Office Garage, Baltimore MD",208,32,6.6,1.77,7.0,stall_default
7d5350f3-e75e-8b8e-a44c-4af4b1fd7697,demo_lightning_showcase,1,Home,2025-04-01T22:35:00-04:00,2025-04-01T23:07:00-04:00,1920.0,2.4,8.49,8.99,8.0,35.0,38.4,0.26,0.38,5.0,240,40,True,2025-04-01T23:07:00-04:00,39.2904,-76.6122,Home,home,False,AC,"Maple Heights, Baltimore MD",240,40,9.6,2.57,9.8,estimated
a19b437a-14d4-76cb-f421-feca63857a90,demo_lightning_showcase,1,Home,2025-04-06T23:31:00-04:00,2025-04-07T00:07:00-04:00,2160.0,2.52,8.36,9.44,7.29,28.0,31.3,0.4,0.4,5.3,240,40,True,2025-04-07T00:07:00-04:00,39.2904,-76.6122,Home,home,False,AC,"Maple Heights, Baltimore MD",240,40,9.6,2.7,9.8,estimated
a4c7de25-75ae-a063-2f78-2ee753776697,demo_lightning_showcase,1,Home,2025-04-08T23:24:00-04:00,2025-04-08T23:53:00-04:00,1740.0,1.41,7.52,7.98,7.06,24.7,27.5,0.23,0.23,3.0,240,40,True,2025-04-08T23:53:00-04:00,39.2904,-76.6122,Home,home,False,AC,"Maple Heights, Baltimore MD",240,40,9.6,1.49,9.8,estimated
e8aed001-9292-82df-9eec-bb1e4c1a0324,demo_lightning_showcase,1,Home,2025-04-09T21:27:00-04:00,2025-04-09T22:20:00-04:00,3180.0,5.36,8.1,8.57,7.37,22.5,27.0,0.86,0.86,11.3,240,40,True,2025-04-09T22:20:00-04:00,39.2904,-76.6122,Home,home,False,AC,"Maple Heights, Baltimore MD",240,40,9.6,5.71,9.8,estimated
1302853b-48f5-3300-d94a-3ba745407bad,demo_lightning_showcase,1,Home,2025-04-11T21:14:00-04:00,2025-04-11T23:05:00-04:00,6660.0,13.82,8.3,9.49,7.42,4.8,16.0,1.34,2.21,29.0,240,40,True,2025-04-11T23:05:00-04:00,39.2904,-76.6122,Home,home,False,AC,"Maple Heights, Baltimore MD",240,40,9.6,15.18,9.8,estimated
2e28d6b7-4e11-49c1-5c5a-4f8c42bff343,demo_lightning_showcase,1,Home,2025-04-12T22:06:00-04:00,2025-04-12T23:07:00-04:00,3660.0,6.39,8.48,9.55,7.17,46.8,53.5,1.02,1.02,13.4,240,40,True,2025-04-12T23:07:00-04:00,39.2904,-76.6122,Home,home,False,AC,"Maple Heights, Baltimore MD",240,40,9.6,6.97,9.8,estimated
a40f7a32-34a6-12b8-cc41-c4e3c1da4beb,demo_lightning_showcase,1,Home,2025-04-14T21:37:00-04:00,2025-04-14T22:09:00-04:00,1920.0,2.93,8.47,9.26,7.69,58.2,61.4,0.47,0.47,6.2,240,40,True,2025-04-14T22:09:00-04:00,39.2904,-76.6122,Home,home,False,AC,"Maple Heights, Baltimore MD",240,40,9.6,3.2,9.8,estimated
3cea37ee-43bf-6302-9b4c-03c9b704dd83,demo_lightning_showcase,1,Home,2025-04-15T22:45:00-04:00,2025-04-15T23:14:00-04:00,1740.0,2.04,9.37,9.4,9.35,62.0,65.5,0.33,0.33,4.3,240,40,True,2025-04-15T23:14:00-04:00,39.2904,-76.6122,Home,home,False,AC,"Maple Heights, Baltimore MD",240,40,9.6,2.23,9.8,estimated
aa9d1799-3192-7450-fd6f-a6c3934ed28d,demo_lightning_showcase,2,Work,2025-04-16T10:51:00-04:00,2025-04-16T11:27:00-04:00,2160.0,2.23,6.4,6.68,6.13,65.3,67.8,0.0,0.0,4.7,208,32,True,2025-04-16T11:27:00-04:00,39.2798,-76.6061,Workplace Energy,work,True,AC,"Harbor Office Garage, Baltimore MD",208,32,6.6,2.37,7.0,stall_default
ed177805-6a28-f2b1-89ac-f8db6ccc2437,demo_lightning_showcase,1,Home,2025-04-17T21:46:00-04:00,2025-04-17T22:17:00-04:00,1860.0,1.87,8.25,9.01,7.49,54.0,57.0,0.24,0.3,3.9,240,40,True,2025-04-17T22:17:00-04:00,39.2904,-76.6122,Home,home,False,AC,"Maple Heights, Baltimore MD",240,40,9.6,2.03,9.8,estimated
85e84a6b-22a7-5d40-5223-df7b29390fba,demo_lightning_showcase,2,Work,2025-04-21T10:00:00-04:00,2025-04-21T10:37:00-04:00,2220.0,1.97,6.38,6.57,6.18,32.2,34.6,0.0,0.0,4.1,208,32,True,2025-04-21T10:37:00-04:00,39.2798,-76.6061,Workplace Energy,work,True,AC,"Harbor Office Garage, Baltimore MD",208,32,6.6,2.11,7.0,stall_default
5879d9cb-5c55-005c-7aba-147e124ea963,demo_lightning_showcase,1,Home,2025-04-21T23:24:00-04:00,2025-04-22T00:00:00-04:00,2160.0,3.07,8.65,9.22,8.08,35.8,39.2,0.49,0.49,6.4,240,40,True,2025-04-22T00:00:00-04:00,39.2904,-76.6122,Home,home,False,AC,"Maple Heights, Baltimore MD",240,40,9.6,3.23,9.8,estimated
04d7fc8d-3901-725c-40e8-21d0fcbab029,demo_lightning_showcase,1,Home,2025-04-22T22:30:00-04:00,2025-04-22T23:01:00-04:00,1860.0,2.45,8.06,8.18,7.93,38.4,41.4,0.39,0.39,5.1,240,40,True,2025-04-22T23:01:00-04:00,39.2904,-76.6122,Home,home,False,AC,"Maple Heights, Baltimore MD",240,40,9.6,2.59,9.8,estimated
5785617f-7143-6b8a-11f2-195bb4902044,demo_lightning_showcase,1,Home,2025-04-23T23:14:00-04:00,2025-04-23T23:43:00-04:00,1740.0,1.84,8.59,9.2,7.99,40.0,43.2,0.29,0.29,3.9,240,40,True,2025-04-23T23:43:00-04:00,39.2904,-76.6122,Home,home,False,AC,"Maple Heights, Baltimore MD",240,40,9.6,1.97,9.8,estimated
b58c13f1-e77e-e558-fbfc-8f0c614ff2ce,demo_lightning_showcase,2,Work,2025-04-25T11:45:00-04:00,2025-04-25T12:16:00-04:00,1860.0,1.38,6.28,6.39,6.18,43.6,46.0,0.0,0.0,2.9,208,32,True,2025-04-25T12:16:00-04:00,39.2798,-76.6061,Workplace Energy,work,True,AC,"Harbor Office Garage, Baltimore MD",208,32,6.6,1.47,7.0,stall_default
25d7b191-960c-7ab6-0d35-025b8075f06e,demo_lightning_showcase,1,Home,2025-04-28T21:28:00-04:00,2025-04-28T22:04:00-04:00,2160.0,2.9,8.21,8.71,7.7,55.5,58.6,0.29,0.46,6.1,240,40,True,2025-04-28T22:04:00-04:00,39.2904,-76.6122,Home,home,False,AC,"Maple Heights, Baltimore MD",240,40,9.6,3.06,9.8,estimated
747a0a5b-c883-af91-6039-6fff2b99e6bd,demo_lightning_showcase,1,Home,2025-04-29T20:34:00-04:00,2025-04-29T21:40:00-04:00,3960.0,6.33,8.05,8.97,7.45,55.4,61.6,1.01,1.01,13.3,240,40,True,2025-04-29T21:40:00-04:00,39.2904,-76.6122,Home,home,False,AC,"Maple Heights, Baltimore MD",240,40,9.6,6.83,9.8,estimated
79e3be16-2a88-4243-c15d-23caf78d84b8,demo_lightning_showcase,2,Work,2025-05-01T11:16:00-04:00,2025-05-01T12:11:00-04:00,3300.0,3.47,5.78,6.1,5.54,49.8,53.2,0.0,0.0,7.3,208,32,True,2025-05-01T12:11:00-04:00,39.2798,-76.6061,Workplace Energy,work,True,AC,"Harbor Office Garage, Baltimore MD",208,32,6.6,3.81,7.0,stall_default
6a484457-a5e6-aaae-d712-9bc184adb5f7,demo_lightning_showcase,1,Home,2025-05-01T21:51:00-04:00,2025-05-01T22:36:00-04:00,2700.0,4.16,8.6,9.24,7.7,53.1,57.9,0.67,0.67,8.7,240,40,True,2025-05-01T22:36:00-04:00,39.2904,-76.6122,Home,home,False,AC,"Maple Heights, Baltimore MD",240,40,9.6,4.47,9.8,estimated
566e1bd8-ac07-24e1-ae74-36632a0b61f3,demo_lightning_showcase,2,Work,2025-05-02T09:02:00-04:00,2025-05-02T09:58:00-04:00,3360.0,3.94,6.46,6.74,6.24,57.8,61.6,0.0,0.0,8.3,208,32,True,2025-05-02T09:58:00-04:00,39.2798,-76.6061,Workplace Energy,work,True,AC,"Harbor Office Garage, Baltimore MD",208,32,6.6,4.26,7.0,stall_default
6d7c99e2-5287-529c-da98-dae8abe13eb3,demo_lightning_showcase,1,Home,2025-05-02T20:02:00-04:00,2025-05-02T20:48:00-04:00,2760.0,4.57,8.57,9.28,7.41,57.5,62.7,0.73,0.73,9.6,240,40,True,2025-05-02T20:48:00-04:00,39.2904,-76.6122,Home,home,False,AC,"Maple Heights, Baltimore MD",240,40,9.6,5.01,9.8,estimated
4cdad4c8-4623-5a76-adff-0f1befb572a6,demo_lightning_showcase,1,Home,2025-05-03T20:03:00-04:00,2025-05-03T20:30:00-04:00,1620.0,2.2,9.11,9.43,8.79,62.4,66.1,0.35,0.35,4.6,240,40,True,2025-05-03T20:30:00-04:00,39.2904,-76.6122,Home,home,False,AC,"Maple Heights, Baltimore MD",240,40,9.6,2.44,9.8,estimated
726de850-d94a-9500-8bf4-2bafa64c8d49,demo_lightning_showcase,1,Home,2025-05-03T21:27:00-04:00,2025-05-03T22:40:00-04:00,4380.0,8.17,8.92,9.28,8.43,66.1,73.1,1.31,1.31,17.2,240,40,False,2025-05-03T22:40:00-04:00,39.2904,-76.6122,Home,home,False,AC,"Maple Heights, Baltimore MD",240,40,9.6,8.94,9.8,estimated
7e92e610-17ed-b9e6-d844-43a4af8229c2,demo_lightning_showcase,2,Work,2025-05-05T09:47:00-04:00,2025-05-05T10:24:00-04:00,2220.0,1.73,6.3,6.47,6.12,60.1,62.5,0.0,0.0,3.6,208,32,True,2025-05-05T10:24:00-04:00,39.2798,-76.6061,Workplace Energy,work,True,AC,"Harbor Office Garage, Baltimore MD",208,32,6.6,1.86,7.0,stall_default
974275e3-6b7e-e9b2-7773-e1f0280af399,demo_lightning_showcase,1,Home,2025-05-08T21:50:00-04:00,2025-05-08T22:46:00-04:00,3360.0,4.81,8.45,9.21,7.08,45.8,50.7,0.77,0.77,10.1,240,40,True,2025-05-08T22:46:00-04:00,39.2904,-76.6122,Home,home,False,AC,"Maple Heights, Baltimore MD",240,40,9.6,5.22,9.8,estimated
f69bc2e7-bfd2-993e-7f5f-d670468193f0,demo_lightning_showcase,1,Home,2025-05-11T21:48:00-04:00,2025-05-11T22:36:00-04:00,2880.0,4.31,7.93,9.03,7.3,34.4,38.9,0.69,0.69,9.1,240,40,True,2025-05-11T22:36:00-04:00,39.2904,-76.6122,Home,home,False,AC,"Maple Heights, Baltimore MD",240,40,9.6,4.78,9.8,estimated
9ace8cf6-3a9b-c363-cf88-c9d93a758c37,demo_lightning_showcase,1,Home,2025-05-11T23:39:00-04:00,2025-05-12T00:17:00-04:00,2280.0,2.42,8.38,9.49,7.27,38.9,42.3,0.3,0.39,5.1,240,40,True,2025-05-12T00:17:00-04:00,39.2904,-76.6122,Home,home,False,AC,"Maple Heights, Baltimore MD",240,40,9.6,2.58,9.8,estimated
160198d0-4de1-39db-274b-1e0f32256928,demo_lightning_showcase,1,Home,2025-05-12T23:26:00-04:00,2025-05-13T00:12:00-04:00,2760.0,3.13,7.26,7.37,7.1,37.5,41.5,0.5,0.5,6.6,240,40,True,2025-05-13T00:12:00-04:00,39.2904,-76.6122,Home,home,False,AC,"Maple Heights, Baltimore MD",240,40,9.6,3.31,9.8,estimated
26639af3-86bf-cca5-cf2d-85c0e81da518,demo_lightning_showcase,1,Home,2025-05-13T23:39:00-04:00,2025-05-14T00:08:00-04:00,1740.0,1.69,8.56,8.68,8.44,43.0,46.3,0.27,0.27,3.5,240,40,True,2025-05-14T00:08:00-04:00,39.2904,-76.6122,Home,home,False,AC,"Maple Heights, Baltimore MD",240,40,9.6,1.8,9.8,estimated
7bd2910a-b837-ece1-56ce-a05549937122,demo_lightning_showcase,1,Home,2025-05-22T21:13:00-04:00,2025-05-22T22:50:00-04:00,5820.0,10.39,7.76,8.61,7.0,12.3,21.4,1.66,1.66,21.8,240,40,True,2025-05-22T22:50:00-04:00,39.2904,-76.6122,Home,home,False,AC,"Maple Heights, Baltimore MD",240,40,9.6,11.03,9.8,estimated
451a27fa-0c5c-24e0-31c1-2b649b190cb1,demo_lightning_showcase,2,Work,2025-05-23T09:06:00-04:00,2025-05-23T11:50:00-04:00,9840.0,13.85,5.72,6.24,5.25,5.3,16.1,0.0,0.0,29.1,208,32,True,2025-05-23T11:50:00-04:00,39.2798,-76.6061,Workplace Energy,work,True,AC,"Harbor Office Garage, Baltimore MD",208,32,6.6,15.0,7.0,stall_default
5a217d0b-4270-df93-36bf-d1868b74e29f,demo_lightning_showcase,1,Home,2025-05-27T20:19:00-04:00,2025-05-27T20:54:00-04:00,2100.0,2.01,7.5,7.91,7.08,29.7,32.4,0.26,0.32,4.2,240,40,True,2025-05-27T20:54:00-04:00,39.2904,-76.6122,Home,home,False,AC,"Maple Heights, Baltimore MD",240,40,9.6,2.16,9.8,estimated
b97038fd-7fb1-c24f-a4b7-4bbeaacd70b0,demo_lightning_showcase,1,Home,2025-05-27T22:54:00-04:00,2025-05-28T00:00:00-04:00,3960.0,6.36,7.8,8.69,7.09,32.4,38.2,1.02,1.02,13.4,240,40,True,2025-05-28T00:00:00-04:00,39.2904,-76.6122,Home,home,False,AC,"Maple Heights, Baltimore MD",240,40,9.6,6.8,9.8,estimated
198c0be6-52e9-f83b-4790-07078c80d5a3,demo_lightning_showcase,1,Home,2025-05-29T21:50:00-04:00,2025-05-29T23:16:00-04:00,5160.0,8.62,7.85,8.7,7.12,20.4,27.4,1.38,1.38,18.1,240,40,True,2025-05-29T23:16:00-04:00,39.2904,-76.6122,Home,home,False,AC,"Maple Heights, Baltimore MD",240,40,9.6,9.27,9.8,estimated
c1f791cc-087b-a585-489b-ffa4560c1ff9,demo_lightning_showcase,1,Home,2025-05-30T20:42:00-04:00,2025-05-30T21:16:00-04:00,2040.0,2.28,8.07,8.56,7.59,14.1,17.2,0.36,0.36,4.8,240,40,True,2025-05-30T21:16:00-04:00,39.2904,-76.6122,Home,home,False,AC,"Maple Heights, Baltimore MD",240,40,9.6,2.48,9.8,estimated
44eeb8c7-995c-576b-2191-14b7cfe58b8c,demo_lightning_showcase,1,Home,2025-06-03T20:29:00-04:00,2025-06-03T21:09:00-04:00,2400.0,2.91,8.66,8.73,8.58,12.2,15.6,0.47,0.47,6.1,240,40,True,2025-06-03T21:09:00-04:00,39.2904,-76.6122,Home,home,False,AC,"Maple Heights, Baltimore MD",240,40,9.6,3.14,9.8,estimated
8642103f-6944-c817-a2ab-d907c5217bf9,demo_lightning_showcase,1,Home,2025-06-04T21:11:00-04:00,2025-06-04T23:09:00-04:00,7080.0,13.51,7.94,8.95,7.03,7.1,19.4,2.16,2.16,28.4,240,40,True,2025-06-04T23:09:00-04:00,39.2904,-76.6122,Home,home,False,AC,"Maple Heights, Baltimore MD",240,40,9.6,14.7,9.8,estimated
4e76a73f-e4b0-0a4b-d0c1-f21257222260,demo_lightning_showcase,1,Home,2025-06-05T21:23:00-04:00,2025-06-05T22:36:00-04:00,4380.0,8.78,8.49,9.52,7.43,7.3,15.3,1.4,1.4,18.4,240,40,True,2025-06-05T22:36:00-04:00,39.2904,-76.6122,Home,home,False,AC,"Maple Heights, Baltimore MD",240,40,9.6,9.77,9.8,estimated
02b499b9-e4de-197d-791f-0909eadcb013,demo_lightning_showcase,1,Home,2025-06-06T22:16:00-04:00,2025-06-06T23:47:00-04:00,5460.0,10.21,8.43,9.42,7.77,10.6,18.8,1.63,1.63,21.4,240,40,True,2025-06-06T23:47:00-04:00,39.2904,-76.6122,Home,home,False,AC,"Maple Heights, Baltimore MD",240,40,9.6,10.96,9.8,estimated
74a4e4ee-206b-fd64-dbe3-4e0c4b44395a,demo_lightning_showcase,1,Home,2025-06-07T23:26:00-04:00,2025-06-08T00:16:00-04:00,3000.0,3.88,7.86,8.56,7.44,25.1,29.6,0.62,0.62,8.1,240,40,True,2025-06-08T00:16:00-04:00,39.2904,-76.6122,Home,home,False,AC,"Maple Heights, Baltimore MD",240,40,9.6,4.17,9.8,estimated
e1210fb8-41f7-0203-c5a0-b40e93e30aec,demo_lightning_showcase,1,Home,2025-06-11T20:08:00-04:00,2025-06-11T21:00:00-04:00,3120.0,5.56,8.31,9.17,7.5,35.2,40.2,0.89,0.89,11.7,240,40,True,2025-06-11T21:00:00-04:00,39.2904,-76.6122,Home,home,False,AC,"Maple Heights, Baltimore MD",240,40,9.6,5.95,9.8,estimated
6c38313c-c8c3-47a4-b069-04434ecc03f3,demo_lightning_showcase,2,Work,2025-06-12T10:15:00-04:00,2025-06-12T10:42:00-04:00,1620.0,1.26,5.32,5.39,5.26,36.6,38.6,0.0,0.0,2.6,208,32,True,2025-06-12T10:42:00-04:00,39.2798,-76.6061,Workplace Energy,work,True,AC,"Harbor Office Garage, Baltimore MD",208,32,6.6,1.38,7.0,stall_default
6098a13e-dcae-bf71-0175-d3f930a4a20d,demo_lightning_showcase,1,Home,2025-06-12T20:11:00-04:00,2025-06-12T20:37:00-04:00,1560.0,1.68,8.41,8.41,8.4,35.0,38.5,0.27,0.27,3.5,240,40,True,2025-06-12T20:37:00-04:00,39.2904,-76.6122,Home,home,False,AC,"Maple Heights, Baltimore MD",240,40,9.6,1.8,9.8,estimated
b6f97fde-d565-e137-4c22-78acc488c779,demo_lightning_showcase,1,Home,2025-06-12T21:55:00-04:00,2025-06-12T22:47:00-04:00,3120.0,4.51,7.6,8.12,7.27,38.4,42.6,0.72,0.72,9.5,240,40,True,2025-06-12T22:47:00-04:00,39.2904,-76.6122,Home,home,False,AC,"Maple Heights, Baltimore MD",240,40,9.6,4.97,9.8,estimated
d26f6162-8553-4c8d-e03b-86cb7a4cdaf1,demo_lightning_showcase,1,Home,2025-06-18T22:01:00-04:00,2025-06-18T22:35:00-04:00,2040.0,1.95,8.06,8.36,7.75,65.2,68.2,0.31,0.31,4.1,240,40,True,2025-06-18T22:35:00-04:00,39.2904,-76.6122,Home,home,False,AC,"Maple Heights, Baltimore MD",240,40,9.6,2.14,9.8,estimated
7b153542-4a5e-55c8-1706-47882a812147,demo_lightning_showcase,1,Home,2025-06-19T21:54:00-04:00,2025-06-19T22:48:00-04:00,3240.0,5.21,8.2,9.25,7.08,61.4,66.1,0.83,0.83,10.9,240,40,True,2025-06-19T22:48:00-04:00,39.2904,-76.6122,Home,home,False,AC,"Maple Heights, Baltimore MD",240,40,9.6,5.5,9.8,estimated
2c85b9c4-bd9e-1460-9ccb-8cf1001b6ff6,demo_lightning_showcase,1,Home,2025-06-21T20:57:00-04:00,2025-06-21T21:27:00-04:00,1800.0,2.69,9.22,9.46,8.97,60.9,64.4,0.43,0.43,5.6,240,40,True,2025-06-21T21:27:00-04:00,39.2904,-76.6122,Home,home,False,AC,"Maple Heights, Baltimore MD",240,40,9.6,3.01,9.8,estimated
52ea496c-826c-fd66-f2fe-3f915bb686fb,demo_lightning_showcase,107,Rivian Adventure Network - Richmond,2025-06-22T13:55:00-04:00,2025-06-22T14:30:00-04:00,2100.0,12.69,50.14,62.2,38.07,60.9,81.3,4.44,4.44,26.6,500,320,True,2025-06-22T14:30:00-04:00,37.5668,-77.4714,Rivian Adventure Network,highway,False,DC,"Scott's Addition, Richmond VA",500,320,165.0,13.58,220.0,stall_default
e01bd04e-dac5-2cd0-d8ac-9bd4a4e56438,demo_lightning_showcase,2,Work,2025-06-24T09:57:00-04:00,2025-06-24T10:34:00-04:00,2220.0,1.67,5.69,5.8,5.58,77.7,79.9,0.0,0.0,3.5,208,32,True,2025-06-24T10:34:00-04:00,39.2798,-76.6061,Workplace Energy,work,True,AC,"Harbor Office Garage, Baltimore MD",208,32,6.6,1.8,7.0,stall_default
b8961159-bcee-d551-af5b-1dda868cccb5,demo_lightning_showcase,1,Home,2025-06-25T20:03:00-04:00,2025-06-25T21:10:00-04:00,4020.0,6.55,7.99,8.38,7.62,73.9,79.7,1.05,1.05,13.8,240,40,True,2025-06-25T21:10:00-04:00,39.2904,-76.6122,Home,home,False,AC,"Maple Heights, Baltimore MD",240,40,9.6,7.01,9.8,estimated
653b274d-09d9-b9cc-6906-f6930bff0633,demo_lightning_showcase,2,Work,2025-07-02T10:21:00-04:00,2025-07-02T11:14:00-04:00,3180.0,3.3,5.64,5.79,5.53,38.1,41.2,0.0,0.0,6.9,208,32,True,2025-07-02T11:14:00-04:00,39.2798,-76.6061,Workplace Energy,work,True,AC,"Harbor Office Garage, Baltimore MD",208,32,6.6,3.53,7.0,stall_default
e2d00680-d84f-d061-3106-357c7f90546f,demo_lightning_showcase,1,Home,2025-07-03T21:40:00-04:00,2025-07-03T22:06:00-04:00,1560.0,1.59,7.77,7.93,7.61,56.2,59.2,0.25,0.25,3.3,240,40,True,2025-07-03T22:06:00-04:00,39.2904,-76.6122,Home,home,False,AC,"Maple Heights, Baltimore MD",240,40,9.6,1.72,9.8,estimated
0d92a7f9-18db-a119-834f-4e1447e95a16,demo_lightning_showcase,1,Home,2025-07-06T22:19:00-04:00,2025-07-06T23:23:00-04:00,3840.0,6.3,8.48,9.02,8.18,76.0,82.5,1.01,1.01,13.2,240,40,True,2025-07-06T23:23:00-04:00,39.2904,-76.6122,Home,home,False,AC,"Maple Heights, Baltimore MD",240,40,9.6,6.94,9.8,estimated
981d01f7-1004-9196-8890-6d3901dbd9b8,demo_lightning_showcase,1,Home,2025-07-07T21:28:00-04:00,2025-07-07T21:58:00-04:00,1800.0,2.45,8.31,8.64,7.98,70.7,74.1,0.39,0.39,5.1,240,40,True,2025-07-07T21:58:00-04:00,39.2904,-76.6122,Home,home,False,AC,"Maple Heights, Baltimore MD",240,40,9.6,2.6,9.8,estimated
04473f65-c9cc-e802-7402-e4a45ac8b7fa,demo_lightning_showcase,1,Home,2025-07-09T21:11:00-04:00,2025-07-09T21:38:00-04:00,1620.0,1.68,8.23,9.26,7.19,67.0,70.2,0.27,0.27,3.5,240,40,True,2025-07-09T21:38:00-04:00,39.2904,-76.6122,Home,home,False,AC,"Maple Heights, Baltimore MD",240,40,9.6,1.87,9.8,estimated
990cd199-cb97-a86c-af21-1727ae35aad0,demo_lightning_showcase,1,Home,2025-07-10T22:10:00-04:00,2025-07-10T22:43:00-04:00,1980.0,2.41,7.7,7.78,7.61,63.5,66.6,0.39,0.39,5.1,240,40,True,2025-07-10T22:43:00-04:00,39.2904,-76.6122,Home,home,False,AC,"Maple Heights, Baltimore MD",240,40,9.6,2.55,9.8,estimated
bb537964-069a-bb68-0c7c-3292cfc7ff9a,demo_lightning_showcase,1,Home,2025-07-12T20:09:00-04:00,2025-07-12T20:33:00-04:00,1440.0,1.84,8.2,9.21,7.19,66.2,69.5,0.29,0.29,3.9,240,40,True,2025-07-12T20:33:00-04:00,39.2904,-76.6122,Home,home,False,AC,"Maple Heights, Baltimore MD",240,40,9.6,1.97,9.8,estimated
7585981e-613e-4c75-9d29-81d57c4f6f1a,demo_lightning_showcase,1,Home,2025-07-12T23:13:00-04:00,2025-07-12T23:43:00-04:00,1800.0,1.63,8.75,9.33,8.17,70.9,74.3,0.26,0.26,3.4,240,40,True,2025-07-12T23:43:00-04:00,39.2904,-76.6122,Home,home,False,AC,"Maple Heights, Baltimore MD",240,40,9.6,1.76,9.8,estimated
db815eab-c99a-6ecb-ae84-c88245f05c3b,demo_lightning_showcase,2,Work,2025-07-14T10:52:00-04:00,2025-07-14T11:18:00-04:00,1560.0,1.0,5.15,5.29,5.02,70.6,72.6,0.0,0.0,2.1,208,32,True,2025-07-14T11:18:00-04:00,39.2798,-76.6061,Workplace Energy,work,True,AC,"Harbor Office Garage, Baltimore MD",208,32,6.6,1.07,7.0,stall_default
0c2f5660-bd7c-2822-5bfe-f439a97c3b24,demo_lightning_showcase,1,Home,2025-07-16T23:14:00-04:00,2025-07-17T00:00:00-04:00,2760.0,4.1,7.58,8.02,7.13,62.8,67.1,0.66,0.66,8.6,240,40,True,2025-07-17T00:00:00-04:00,39.2904,-76.6122,Home,home,False,AC,"Maple Heights, Baltimore MD",240,40,9.6,4.38,9.8,estimated
7892e1aa-4a94-1949-35e8-e23102dea87a,demo_lightning_showcase,1,Home,2025-07-17T22:25:00-04:00,2025-07-17T22:54:00-04:00,1740.0,1.92,8.35,8.85,7.85,67.1,70.2,0.31,0.31,4.0,240,40,True,2025-07-17T22:54:00-04:00,39.2904,-76.6122,Home,home,False,AC,"Maple Heights, Baltimore MD",240,40,9.6,2.13,9.8,estimated
a247a556-a693-46f2-4ea8-9ff09a43b827,demo_lightning_showcase,1,Home,2025-07-19T20:07:00-04:00,2025-07-19T20:38:00-04:00,1860.0,1.94,8.33,8.97,7.7,71.3,74.7,0.31,0.31,4.1,240,40,True,2025-07-19T20:38:00-04:00,39.2904,-76.6122,Home,home,False,AC,"Maple Heights, Baltimore MD",240,40,9.6,2.15,9.8,estimated
cd7e53e6-1aab-20e2-b499-f25e3cfc3934,demo_lightning_showcase,1,Home,2025-07-20T20:02:00-04:00,2025-07-20T20:26:00-04:00,1440.0,1.51,7.45,7.56,7.34,74.3,77.2,0.24,0.24,3.2,240,40,True,2025-07-20T20:26:00-04:00,39.2904,-76.6122,Home,home,False,AC,"Maple Heights, Baltimore MD",240,40,9.6,1.67,9.8,estimated
fe8af744-ca1f-6a2d-db2a-8e3634ed4851,demo_lightning_showcase,1,Home,2025-07-21T20:23:00-04:00,2025-07-21T21:05:00-04:00,2520.0,3.73,7.8,8.45,7.3,79.9,84.1,0.6,0.6,7.8,240,40,True,2025-07-21T21:05:00-04:00,39.2904,-76.6122,Home,home,False,AC,"Maple Heights, Baltimore MD",240,40,9.6,4.07,9.8,estimated
5bc48b26-b082-2fa0-b718-5dad2a9ef407,demo_lightning_showcase,1,Home,2025-07-22T21:52:00-04:00,2025-07-22T22:42:00-04:00,3000.0,4.45,8.19,8.58,7.72,85.8,90.5,0.47,0.71,9.3,240,40,True,2025-07-22T22:42:00-04:00,39.2904,-76.6122,Home,home,False,AC,"Maple Heights, Baltimore MD",240,40,9.6,4.7,9.8,estimated
10a55024-92c8-e30c-a97a-29dea20c8578,demo_lightning_showcase,2,Work,2025-07-28T09:40:00-04:00,2025-07-28T10:46:00-04:00,3960.0,4.74,6.11,6.59,5.54,72.0,76.7,0.0,0.0,10.0,208,32,True,2025-07-28T10:46:00-04:00,39.2798,-76.6061,Workplace Energy,work,True,AC,"Harbor Office Garage, Baltimore MD",208,32,6.6,5.26,7.0,stall_default
a5f05662-2cc4-de7d-c9be-ebf763d30c25,demo_lightning_showcase,1,Home,2025-07-28T21:45:00-04:00,2025-07-28T22:38:00-04:00,3180.0,4.2,7.52,7.67,7.23,73.0,77.4,0.67,0.67,8.8,240,40,True,2025-07-28T22:38:00-04:00,39.2904,-76.6122,Home,home,False,AC,"Maple Heights, Baltimore MD",240,40,9.6,4.55,9.8,estimated
ad30f42c-1951-673d-e528-e9c17af563eb,demo_lightning_showcase,1,Home,2025-07-29T21:44:00-04:00,2025-07-29T22:15:00-04:00,1860.0,2.54,8.47,8.49,8.46,72.0,75.2,0.27,0.41,5.3,240,40,False,2025-07-29T22:15:00-04:00,39.2904,-76.6122,Home,home,False,AC,"Maple Heights, Baltimore MD",240,40,9.6,2.77,9.8,estimated
0a79eb05-f81d-1369-edeb-f7815b7ce950,demo_lightning_showcase,2,Work,2025-07-31T11:45:00-04:00,2025-07-31T12:11:00-04:00,1560.0,1.21,5.72,6.26,5.18,69.8,71.9,0.0,0.0,2.5,208,32,True,2025-07-31T12:11:00-04:00,39.2798,-76.6061,Workplace Energy,work,True,AC,"Harbor Office Garage, Baltimore MD",208,32,6.6,1.33,7.0,stall_default
bf7c9f72-e5e0-0e9f-3ffd-5f7cb2f8b095,demo_lightning_showcase,1,Home,2025-08-02T20:40:00-04:00,2025-08-02T21:10:00-04:00,1800.0,2.38,8.1,8.92,7.29,72.5,75.5,0.38,0.38,5.0,240,40,False,2025-08-02T21:10:00-04:00,39.2904,-76.6122,Home,home,False,AC,"Maple Heights, Baltimore MD",240,40,9.6,2.57,9.8,estimated
990ead6b-f0f1-5a58-6beb-49331a656294,demo_lightning_showcase,1,Home,2025-08-03T21:05:00-04:00,2025-08-03T21:41:00-04:00,2160.0,2.4,9.24,9.47,9.02,45.8,49.3,0.38,0.38,5.0,240,40,True,2025-08-03T21:41:00-04:00,39.2904,-76.6122,Home,home,False,AC,"Maple Heights, Baltimore MD",240,40,9.6,2.66,9.8,estimated
54041bcc-855c-c17b-4a81-ead56020c309,demo_lightning_showcase,1,Home,2025-08-08T21:30:00-04:00,2025-08-08T22:01:00-04:00,1860.0,2.1,8.82,9.02,8.63,56.8,60.1,0.34,0.34,4.4,240,40,True,2025-08-08T22:01:00-04:00,39.2904,-76.6122,Home,home,False,AC,"Maple Heights, Baltimore MD",240,40,9.6,2.26,9.8,estimated
2b45fb61-14b4-a014-6bfa-65836144cc14,demo_lightning_showcase,1,Home,2025-08-08T22:52:00-04:00,2025-08-09T00:07:00-04:00,4500.0,8.84,8.61,9.44,7.84,60.1,68.4,1.41,1.41,18.6,240,40,True,2025-08-09T00:07:00-04:00,39.2904,-76.6122,Home,home,False,AC,"Maple Heights, Baltimore MD",240,40,9.6,9.64,9.8,estimated
fde37de8-b350-c8f8-ead2-b8ffc205f873,demo_lightning_showcase,1,Home,2025-08-09T22:45:00-04:00,2025-08-09T23:17:00-04:00,1920.0,1.63,8.44,8.71,8.16,62.1,65.4,0.26,0.26,3.4,240,40,True,2025-08-09T23:17:00-04:00,39.2904,-76.6122,Home,home,False,AC,"Maple Heights, Baltimore MD",240,40,9.6,1.82,9.8,estimated
d5ea9138-9c24-d098-408a-04893ec62a99,demo_lightning_showcase,2,Work,2025-08-18T09:13:00-04:00,2025-08-18T09:40:00-04:00,1620.0,1.22,5.7,6.17,5.22,41.3,43.6,0.0,0.0,2.6,208,32,True,2025-08-18T09:40:00-04:00,39.2798,-76.6061,Workplace Energy,work,True,AC,"Harbor Office Garage, Baltimore MD",208,32,6.6,1.34,7.0,stall_default
846ecb71-1dea-d334-1f90-624ec4dca20e,demo_lightning_showcase,1,Home,2025-08-18T21:37:00-04:00,2025-08-18T22:09:00-04:00,1920.0,2.05,7.36,7.7,7.03,41.9,44.9,0.33,0.33,4.3,240,40,True,2025-08-18T22:09:00-04:00,39.2904,-76.6122,Home,home,False,AC,"Maple Heights, Baltimore MD",240,40,9.6,2.24,9.8,estimated
6769c012-9750-8974-8279-ac2a1f94eaba,demo_lightning_showcase,2,Work,2025-08-21T11:04:00-04:00,2025-08-21T11:39:00-04:00,2100.0,1.57,6.44,6.6,6.28,32.7,35.3,0.0,0.0,3.3,208,32,True,2025-08-21T11:39:00-04:00,39.2798,-76.6061,Workplace Energy,work,True,AC,"Harbor Office Garage, Baltimore MD",208,32,6.6,1.74,7.0,stall_default
acccaff0-6e7b-7f4d-33ef-2e9471856f44,demo_lightning_showcase,1,Home,2025-08-22T20:32:00-04:00,2025-08-22T21:41:00-04:00,4140.0,7.46,8.45,9.23,7.64,31.0,37.3,1.19,1.19,15.7,240,40,True,2025-08-22T21:41:00-04:00,39.2904,-76.6122,Home,home,False,AC,"Maple Heights, Baltimore MD",240,40,9.6,8.23,9.8,estimated
6c1e112e-ea19-c511-8649-07916543f61c,demo_lightning_showcase,2,Work,2025-08-25T10:17:00-04:00,2025-08-25T10:43:00-04:00,1560.0,1.31,5.97,6.54,5.4,32.5,34.8,0.0,0.0,2.8,208,32,True,2025-08-25T10:43:00-04:00,39.2798,-76.6061,Workplace Energy,work,True,AC,"Harbor Office Garage, Baltimore MD",208,32,6.6,1.45,7.0,stall_default
734559a2-35a8-f32a-fefc-6519331d7864,demo_lightning_showcase,1,Home,2025-08-25T20:11:00-04:00,2025-08-25T20:48:00-04:00,2220.0,2.72,9.21,9.59,8.82,31.8,35.0,0.44,0.44,5.7,240,40,True,2025-08-25T20:48:00-04:00,39.2904,-76.6122,Home,home,False,AC,"Maple Heights, Baltimore MD",240,40,9.6,2.9,9.8,estimated
56c8a25b-d7c0-4368-34a3-12805c0e6823,demo_lightning_showcase,2,Work,2025-08-26T11:27:00-04:00,2025-08-26T11:59:00-04:00,1920.0,1.59,6.36,6.77,5.95,34.9,37.3,0.0,0.0,3.3,208,32,True,2025-08-26T11:59:00-04:00,39.2798,-76.6061,Workplace Energy,work,True,AC,"Harbor Office Garage, Baltimore MD",208,32,6.6,1.68,7.0,stall_default
a70280bf-7122-8651-0f0d-8233c1b5cde6,demo_lightning_showcase,1,Home,2025-08-26T21:46:00-04:00,2025-08-26T22:46:00-04:00,3600.0,5.1,7.46,7.88,7.24,31.5,37.0,0.82,0.82,10.7,240,40,True,2025-08-26T22:46:00-04:00,39.2904,-76.6122,Home,home,False,AC,"Maple Heights, Baltimore MD",240,40,9.6,5.36,9.8,estimated
983c3a40-c863-0ac8-682d-00dff03634c9,demo_lightning_showcase,2,Work,2025-08-27T10:09:00-04:00,2025-08-27T10:38:00-04:00,1740.0,1.63,5.43,5.76,5.09,36.8,38.7,0.0,0.0,3.4,208,32,True,2025-08-27T10:38:00-04:00,39.2798,-76.6061,Workplace Energy,work,True,AC,"Harbor Office Garage, Baltimore MD",208,32,6.6,1.75,7.0,stall_default
2a3248c7-4451-331d-5f3c-834575a28b0f,demo_lightning_showcase,1,Home,2025-08-27T23:11:00-04:00,2025-08-27T23:40:00-04:00,1740.0,2.04,7.36,7.66,7.05,36.3,39.1,0.22,0.33,4.3,240,40,True,2025-08-27T23:40:00-04:00,39.2904,-76.6122,Home,home,False,AC,"Maple Heights, Baltimore MD",240,40,9.6,2.2,9.8,estimated
6d3fc9ea-1558-abd4-e496-6d2d87c258b2,demo_lightning_showcase,1,Home,2025-08-29T22:00:00-04:00,2025-08-29T22:36:00-04:00,2160.0,2.4,8.67,8.87,8.48,32.4,35.8,0.38,0.38,5.0,240,40,True,2025-08-29T22:36:00-04:00,39.2904,-76.6122,Home,home,False,AC,"Maple Heights, Baltimore MD",240,40,9.6,2.55,9.8,estimated
3ebcff43-9c0a-0285-b168-5626d5cc69e3,demo_lightning_showcase,1,Home,2025-08-31T20:51:00-04:00,2025-08-31T21:27:00-04:00,2160.0,2.24,7.67,7.89,7.46,41.4,44.2,0.36,0.36,4.7,240,40,True,2025-08-31T21:27:00-04:00,39.2904,-76.6122,Home,home,False,AC,"Maple Heights, Baltimore MD",240,40,9.6,2.44,9.8,estimated
3bd07e28-d282-90cd-50a2-2ecf198c380a,demo_lightning_showcase,1,Home,2025-08-31T22:43:00-04:00,2025-08-31T23:15:00-04:00,1920.0,1.71,7.99,8.08,7.9,44.2,47.4,0.27,0.27,3.6,240,40,True,2025-08-31T23:15:00-04:00,39.2904,-76.6122,Home,home,False,AC,"Maple Heights, Baltimore MD",240,40,9.6,1.83,9.8,estimated
d347fb73-57a9-d989-930f-6e59aef6f551,demo_lightning_showcase,1,Home,2025-09-02T21:22:00-04:00,2025-09-02T21:57:00-04:00,2100.0,2.92,8.17,9.22,7.13,12.8,16.1,0.47,0.47,6.1,240,40,True,2025-09-02T21:57:00-04:00,39.2904,-76.6122,Home,home,False,AC,"Maple Heights, Baltimore MD",240,40,9.6,3.12,9.8,estimated
cc9933c7-c240-e68b-6ab4-f73c97c82f81,demo_lightning_showcase,1,Home,2025-09-02T22:56:00-04:00,2025-09-02T23:25:00-04:00,1740.0,2.19,9.1,9.38,8.82,16.1,19.6,0.35,0.35,4.6,240,40,True,2025-09-02T23:25:00-04:00,39.2904,-76.6122,Home,home,False,AC,"Maple Heights, Baltimore MD",240,40,9.6,2.37,9.8,estimated
c9fca9b7-708e-1700-d397-b051c72c6f6a,demo_lightning_showcase,1,Home,2025-09-04T20:13:00-04:00,2025-09-04T21:46:00-04:00,5580.0,11.07,8.09,8.97,7.34,7.4,16.6,1.77,1.77,23.2,240,40,True,2025-09-04T21:46:00-04:00,39.2904,-76.6122,Home,home,False,AC,"Maple Heights, Baltimore MD",240,40,9.6,12.09,9.8,estimated
3f7d0d69-8bbc-afb0-807f-95ab2ae2df93,demo_lightning_showcase,1,Home,2025-09-05T21:29:00-04:00,2025-09-05T23:03:00-04:00,5640.0,10.48,8.48,8.82,8.21,7.5,15.7,1.68,1.68,22.0,240,40,True,2025-09-05T23:03:00-04:00,39.2904,-76.6122,Home,home,False,AC,"Maple Heights, Baltimore MD",240,40,9.6,11.62,9.8,estimated
b3e3a325-b370-499a-cd35-73fc2058ca3b,demo_lightning_showcase,2,Work,2025-09-06T11:30:00-04:00,2025-09-06T12:18:00-04:00,2880.0,2.58,5.74,6.53,5.3,12.5,15.8,0.0,0.0,5.4,208,32,True,2025-09-06T12:18:00-04:00,39.2798,-76.6061,Workplace Energy,work,True,AC,"Harbor Office Garage, Baltimore MD",208,32,6.6,2.72,7.0,stall_default
b528056e-1477-2a2f-9982-602b4a914892,demo_lightning_showcase,2,Work,2025-09-08T10:30:00-04:00,2025-09-08T13:09:00-04:00,9540.0,14.37,6.05,6.62,5.13,4.3,16.1,0.0,0.0,30.2,208,32,True,2025-09-08T13:09:00-04:00,39.2798,-76.6061,Workplace Energy,work,True,AC,"Harbor Office Garage, Baltimore MD",208,32,6.6,15.38,7.0,stall_default
d2780133-6c1b-c674-66e2-e80a2316608a,demo_lightning_showcase,1,Home,2025-09-09T20:05:00-04:00,2025-09-09T20:37:00-04:00,1920.0,1.71,8.0,8.09,7.91,15.1,17.9,0.2,0.27,3.6,240,40,True,2025-09-09T20:37:00-04:00,39.2904,-76.6122,Home,home,False,AC,"Maple Heights, Baltimore MD",240,40,9.6,1.91,9.8,estimated
6f9dd686-6ebd-bf2b-2052-9c30d2e9987c,demo_lightning_showcase,1,Home,2025-09-09T22:43:00-04:00,2025-09-09T23:17:00-04:00,2040.0,2.63,8.53,9.16,7.9,19.2,22.3,0.42,0.42,5.5,240,40,True,2025-09-09T23:17:00-04:00,39.2904,-76.6122,Home,home,False,AC,"Maple Heights, Baltimore MD",240,40,9.6,2.8,9.8,estimated
732057f3-9f93-5c3e-3313-f7cd9cd37526,demo_lightning_showcase,2,Work,2025-09-11T09:54:00-04:00,2025-09-11T10:51:00-04:00,3420.0,4.01,6.0,6.69,5.63,14.5,17.8,0.0,0.0,8.4,208,32,True,2025-09-11T10:51:00-04:00,39.2798,-76.6061,Workplace Energy,work,True,AC,"Harbor Office Garage, Baltimore MD",208,32,6.6,4.23,7.0,stall_default
311dbcf9-ce97-13e2-36b7-889383c389d2,demo_lightning_showcase,1,Home,2025-09-11T21:40:00-04:00,2025-09-11T22:28:00-04:00,2880.0,4.85,8.02,8.43,7.8,17.8,22.4,0.78,0.78,10.2,240,40,True,2025-09-11T22:28:00-04:00,39.2904,-76.6122,Home,home,False,AC,"Maple Heights, Baltimore MD",240,40,9.6,5.1,9.8,estimated
f56f3084-9e97-a985-4c86-2c79a5002fa1,demo_lightning_showcase,1,Home,2025-09-12T20:14:00-04:00,2025-09-12T20:45:00-04:00,1860.0,2.27,8.26,9.35,7.18,22.4,25.5,0.36,0.36,4.8,240,40,True,2025-09-12T20:45:00-04:00,39.2904,-76.6122,Home,home,False,AC,"Maple Heights, Baltimore MD",240,40,9.6,2.5,9.8,estimated
599f1bbc-ce93-b221-31d2-e020e45b3aa9,demo_lightning_showcase,1,Home,2025-09-12T22:52:00-04:00,2025-09-12T23:17:00-04:00,1500.0,1.55,7.56,7.98,7.14,25.5,28.2,0.25,0.25,3.3,240,40,True,2025-09-12T23:17:00-04:00,39.2904,-76.6122,Home,home,False,AC,"Maple Heights, Baltimore MD",240,40,9.6,1.66,9.8,estimated
a252de34-b564-2bcf-ded2-a4c095f0e1e2,demo_lightning_showcase,1,Home,2025-09-14T20:43:00-04:00,2025-09-14T21:40:00-04:00,3420.0,5.24,8.54,9.4,7.14,32.5,37.2,0.84,0.84,11.0,240,40,True,2025-09-14T21:40:00-04:00,39.2904,-76.6122,Home,home,False,AC,"Maple Heights, Baltimore MD",240,40,9.6,5.77,9.8,estimated
ef161be3-9d0c-088e-5b30-b4b7c462b34d,demo_lightning_showcase,2,Work,2025-09-15T10:29:00-04:00,2025-09-15T11:07:00-04:00,2280.0,2.39,6.08,6.72,5.46,37.0,40.5,0.0,0.0,5.0,208,32,True,2025-09-15T11:07:00-04:00,39.2798,-76.6061,Workplace Energy,work,True,AC,"Harbor Office Garage, Baltimore MD",208,32,6.6,2.52,7.0,stall_default
dbbead7f-7de2-8fb2-1194-35524e579512,demo_lightning_showcase,2,Work,2025-09-18T10:35:00-04:00,2025-09-18T11:09:00-04:00,2040.0,1.6,5.72,6.41,5.03,14.8,16.8,0.0,0.0,3.4,208,32,True,2025-09-18T11:09:00-04:00,39.2798,-76.6061,Workplace Energy,work,True,AC,"Harbor Office Garage, Baltimore MD",208,32,6.6,1.73,7.0,stall_default
38094437-81ad-105b-97ac-09c272e58bad,demo_lightning_showcase,1,Home,2025-09-18T21:18:00-04:00,2025-09-18T21:54:00-04:00,2160.0,2.28,7.62,8.05,7.18,12.3,15.4,0.36,0.36,4.8,240,40,True,2025-09-18T21:54:00-04:00,39.2904,-76.6122,Home,home,False,AC,"Maple Heights, Baltimore MD",240,40,9.6,2.51,9.8,estimated
a8633ecf-2513-1d78-20c6-6235014e7a12,demo_lightning_showcase,2,Work,2025-09-19T09:55:00-04:00,2025-09-19T10:25:00-04:00,1800.0,1.4,5.96,6.32,5.61,12.9,15.2,0.0,0.0,2.9,208,32,True,2025-09-19T10:25:00-04:00,39.2798,-76.6061,Workplace Energy,work,True,AC,"Harbor Office Garage, Baltimore MD",208,32,6.6,1.5,7.0,stall_default
0368a6b8-2279-adf5-8751-7e660d38bcc3,demo_lightning_showcase,1,Home,2025-09-19T20:51:00-04:00,2025-09-19T21:46:00-04:00,3300.0,5.24,8.22,9.5,7.42,15.2,19.9,0.84,0.84,11.0,240,40,True,2025-09-19T21:46:00-04:00,39.2904,-76.6122,Home,home,False,AC,"Maple Heights, Baltimore MD",240,40,9.6,5.85,9.8,estimated
c0e55ffd-e68b-54dd-e367-c77c57148e81,demo_lightning_showcase,105,Shell Recharge - Wilmington Plaza,2025-09-20T13:44:00-04:00,2025-09-20T14:17:00-04:00,1980.0,15.8,82.64,92.36,72.91,15.5,48.0,6.95,6.95,33.2,500,280,True,2025-09-20T14:17:00-04:00,39.7686,-75.5525,Shell Recharge,highway,False,DC,"Wilmington Travel Plaza, DE",500,280,125.0,17.37,150.0,stall_default
df01c796-ed8c-b650-2fe8-7d8e15b3c4cf,demo_lightning_showcase,2,Work,2025-09-22T10:44:00-04:00,2025-09-22T12:01:00-04:00,4620.0,5.52,5.57,6.08,5.02,57.7,63.1,0.0,0.0,11.6,208,32,True,2025-09-22T12:01:00-04:00,39.2798,-76.6061,Workplace Energy,work,True,AC,"Harbor Office Garage, Baltimore MD",208,32,6.6,6.05,7.0,stall_default
e8f073cf-51f1-2930-9aaf-fb9c93146c8b,demo_lightning_showcase,1,Home,2025-09-27T20:22:00-04:00,2025-09-27T21:04:00-04:00,2520.0,3.28,7.86,8.72,7.11,48.9,53.5,0.52,0.52,6.9,240,40,True,2025-09-27T21:04:00-04:00,39.2904,-76.6122,Home,home,False,AC,"Maple Heights, Baltimore MD",240,40,9.6,3.61,9.8,estimated
f1345321-a1cb-e35a-5b51-b39440d95b2e,demo_lightning_showcase,1,Home,2025-09-29T20:04:00-04:00,2025-09-29T20:33:00-04:00,1740.0,2.66,8.4,9.38,7.42,50.4,53.6,0.43,0.43,5.6,240,40,True,2025-09-29T20:33:00-04:00,39.2904,-76.6122,Home,home,False,AC,"Maple Heights, Baltimore MD",240,40,9.6,2.92,9.8,estimated
2c48b94f-d0b0-d293-1e15-f0b77384b04f,demo_lightning_showcase,1,Home,2025-09-29T21:42:00-04:00,2025-09-29T22:12:00-04:00,1800.0,1.65,8.22,8.25,8.19,53.6,56.6,0.26,0.26,3.5,240,40,True,2025-09-29T22:12:00-04:00,39.2904,-76.6122,Home,home,False,AC,"Maple Heights, Baltimore MD",240,40,9.6,1.76,9.8,estimated
36b33288-b050-71f2-76f8-55d68fa7821f,demo_lightning_showcase,1,Home,2025-09-30T20:55:00-04:00,2025-09-30T21:22:00-04:00,1620.0,2.23,9.09,9.55,8.62,65.8,69.1,0.36,0.36,4.7,240,40,True,2025-09-30T21:22:00-04:00,39.2904,-76.6122,Home,home,False,AC,"Maple Heights, Baltimore MD",240,40,9.6,2.48,9.8,estimated
ae539d48-59c0-ae45-06ca-830bd708cc39,demo_lightning_showcase,2,Work,2025-10-02T09:00:00-04:00,2025-10-02T09:38:00-04:00,2280.0,2.78,6.1,6.43,5.48,59.7,63.1,0.0,0.0,5.8,208,32,True,2025-10-02T09:38:00-04:00,39.2798,-76.6061,Workplace Energy,work,True,AC,"Harbor Office Garage, Baltimore MD",208,32,6.6,3.04,7.0,stall_default
bff907bc-7191-8dd6-ebd4-4186654ae4ff,demo_lightning_showcase,1,Home,2025-10-03T20:50:00-04:00,2025-10-03T21:33:00-04:00,2580.0,3.49,7.79,8.4,7.14,57.4,61.8,0.56,0.56,7.3,240,40,True,2025-10-03T21:33:00-04:00,39.2904,-76.6122,Home,home,False,AC,"Maple Heights, Baltimore MD",240,40,9.6,3.84,9.8,estimated
065e82c1-5681-7f7e-6edb-6764c8f1b6bf,demo_lightning_showcase,1,Home,2025-10-05T21:16:00-04:00,2025-10-05T21:49:00-04:00,1980.0,2.45,8.73,9.17,8.28,38.6,41.9,0.39,0.39,5.1,240,40,True,2025-10-05T21:49:00-04:00,39.2904,-76.6122,Home,home,False,AC,"Maple Heights, Baltimore MD",240,40,9.6,2.6,9.8,estimated
09e9b3b2-fa6f-efc9-641e-97e3c5c24d21,demo_lightning_showcase,1,Home,2025-10-06T21:35:00-04:00,2025-10-06T22:09:00-04:00,2040.0,2.23,8.23,8.92,7.53,41.8,44.9,0.36,0.36,4.7,240,40,True,2025-10-06T22:09:00-04:00,39.2904,-76.6122,Home,home,False,AC,"Maple Heights, Baltimore MD",240,40,9.6,2.42,9.8,estimated
0afce10c-18b6-11b2-d060-93d429b6e533,demo_lightning_showcase,2,Work,2025-10-08T09:13:00-04:00,2025-10-08T09:44:00-04:00,1860.0,2.03,6.28,6.77,5.79,34.4,36.9,0.0,0.0,4.3,208,32,True,2025-10-08T09:44:00-04:00,39.2798,-76.6061,Workplace Energy,work,True,AC,"Harbor Office Garage, Baltimore MD",208,32,6.6,2.19,7.0,stall_default
ca47c68f-0e85-a083-fe0f-e878a9ac173d,demo_lightning_showcase,1,Home,2025-10-09T22:13:00-04:00,2025-10-09T22:57:00-04:00,2640.0,3.64,8.47,9.18,7.49,32.8,37.8,0.58,0.58,7.6,240,40,True,2025-10-09T22:57:00-04:00,39.2904,-76.6122,Home,home,False,AC,"Maple Heights, Baltimore MD",240,40,9.6,3.85,9.8,estimated
2123969b-a4ff-68d1-2852-a44102451527,demo_lightning_showcase,1,Home,2025-10-09T23:42:00-04:00,2025-10-10T00:13:00-04:00,1860.0,2.26,9.2,9.37,9.04,37.7,41.3,0.36,0.36,4.7,240,40,True,2025-10-10T00:13:00-04:00,39.2904,-76.6122,Home,home,False,AC,"Maple Heights, Baltimore MD",240,40,9.6,2.45,9.8,estimated
8df9ebe0-d625-e46d-cdf3-ec2a23b12cc2,demo_lightning_showcase,1,Home,2025-10-14T21:40:00-04:00,2025-10-14T22:26:00-04:00,2760.0,4.4,8.03,8.8,7.36,47.5,52.0,0.7,0.7,9.2,240,40,True,2025-10-14T22:26:00-04:00,39.2904,-76.6122,Home,home,False,AC,"Maple Heights, Baltimore MD",240,40,9.6,4.79,9.8,estimated
c1150661-9211-8731-5de1-ae5848f9e801,demo_lightning_showcase,2,Work,2025-10-16T10:18:00-04:00,2025-10-16T10:50:00-04:00,1920.0,1.18,5.73,5.91,5.55,48.7,51.0,0.0,0.0,2.5,208,32,True,2025-10-16T10:50:00-04:00,39.2798,-76.6061,Workplace Energy,work,True,AC,"Harbor Office Garage, Baltimore MD",208,32,6.6,1.29,7.0,stall_default
40cd1926-551e-4665-5613-24ca33554f85,demo_lightning_showcase,2,Work,2025-10-17T09:33:00-04:00,2025-10-17T10:07:00-04:00,2040.0,1.38,5.45,5.5,5.39,53.7,55.8,0.0,0.0,2.9,208,32,True,2025-10-17T10:07:00-04:00,39.2798,-76.6061,Workplace Energy,work,True,AC,"Harbor Office Garage, Baltimore MD",208,32,6.6,1.46,7.0,stall_default
16f42d4f-c488-c955-838b-82f8b92039ad,demo_lightning_showcase,1,Home,2025-10-28T21:06:00-04:00,2025-10-28T21:37:00-04:00,1860.0,1.69,7.99,8.47,7.51,15.6,18.9,0.27,0.27,3.5,240,40,True,2025-10-28T21:37:00-04:00,39.2904,-76.6122,Home,home,False,AC,"Maple Heights, Baltimore MD",240,40,9.6,1.82,9.8,estimated
04fd624f-9bc2-e5ce-230d-936975d343e2,demo_lightning_showcase,1,Home,2025-10-29T21:02:00-04:00,2025-10-29T21:51:00-04:00,2940.0,4.46,7.87,8.36,7.53,11.2,15.4,0.71,0.71,9.4,240,40,True,2025-10-29T21:51:00-04:00,39.2904,-76.6122,Home,home,False,AC,"Maple Heights, Baltimore MD",240,40,9.6,4.88,9.8,estimated
3041f7c7-28e3-9521-dbfb-8077fb932070,demo_lightning_showcase,2,Work,2025-10-30T10:03:00-04:00,2025-10-30T10:52:00-04:00,2940.0,3.57,6.07,6.52,5.22,12.3,15.7,0.0,0.0,7.5,208,32,True,2025-10-30T10:52:00-04:00,39.2798,-76.6061,Workplace Energy,work,True,AC,"Harbor Office Garage, Baltimore MD",208,32,6.6,3.93,7.0,stall_default
01c2beb3-f4a2-74a9-d9e4-253f561ad98f,demo_lightning_showcase,2,Work,2025-10-30T11:31:00-04:00,2025-10-30T12:03:00-04:00,1920.0,1.58,5.61,5.93,5.29,15.7,17.7,0.0,0.0,3.3,208,32,True,2025-10-30T12:03:00-04:00,39.2798,-76.6061,Workplace Energy,work,True,AC,"Harbor Office Garage, Baltimore MD",208,32,6.6,1.7,7.0,stall_default
ab9ab6eb-56bf-95f4-5d07-b862465bee0c,demo_lightning_showcase,1,Home,2025-10-30T22:20:00-04:00,2025-10-30T23:44:00-04:00,5040.0,8.88,8.09,9.29,7.03,19.1,26.4,0.89,1.42,18.6,240,40,True,2025-10-30T23:44:00-04:00,39.2904,-76.6122,Home,home,False,AC,"Maple Heights, Baltimore MD",240,40,9.6,9.36,9.8,estimated
89ae98d7-492b-bf46-cc23-33e3f5116896,demo_lightning_showcase,2,Work,2025-10-31T10:00:00-04:00,2025-10-31T10:30:00-04:00,1800.0,1.86,6.58,6.59,6.56,22.5,25.2,0.0,0.0,3.9,208,32,True,2025-10-31T10:30:00-04:00,39.2798,-76.6061,Workplace Energy,work,True,AC,"Harbor Office Garage, Baltimore MD",208,32,6.6,2.04,7.0,stall_default
281b2be2-a772-6e5a-3956-fafcf172d399,demo_lightning_showcase,1,Home,2025-11-03T22:11:00-05:00,2025-11-03T22:55:00-05:00,2640.0,3.88,7.87,8.71,7.29,39.4,44.1,0.62,0.62,8.1,240,40,True,2025-11-03T22:55:00-05:00,39.2904,-76.6122,Home,home,False,AC,"Maple Heights, Baltimore MD",240,40,9.6,4.34,9.8,estimated
299dc854-3379-5d35-5927-7e65b9a4161b,demo_lightning_showcase,1,Home,2025-11-04T20:12:00-05:00,2025-11-04T20:41:00-05:00,1740.0,2.5,8.86,8.89,8.84,35.6,39.1,0.4,0.4,5.2,240,40,True,2025-11-04T20:41:00-05:00,39.2904,-76.6122,Home,home,False,AC,"Maple Heights, Baltimore MD",240,40,9.6,2.79,9.8,estimated
695db7e1-e1f4-c0b6-d282-855027a74e73,demo_lightning_showcase,1,Home,2025-11-04T22:13:00-05:00,2025-11-04T22:58:00-05:00,2700.0,4.48,8.46,9.31,7.07,39.1,43.6,0.72,0.72,9.4,240,40,True,2025-11-04T22:58:00-05:00,39.2904,-76.6122,Home,home,False,AC,"Maple Heights, Baltimore MD",240,40,9.6,4.8,9.8,estimated
416a13f5-3257-36db-e92b-9abcbac0ee84,demo_lightning_showcase,2,Work,2025-11-05T11:44:00-05:00,2025-11-05T12:27:00-05:00,2580.0,2.91,6.11,6.7,5.63,43.4,46.8,0.0,0.0,6.1,208,32,True,2025-11-05T12:27:00-05:00,39.2798,-76.6061,Workplace Energy,work,True,AC,"Harbor Office Garage, Baltimore MD",208,32,6.6,3.06,7.0,stall_default
e0073c69-9a36-8911-1ac1-100930d6f693,demo_lightning_showcase,1,Home,2025-11-06T23:14:00-05:00,2025-11-07T00:05:00-05:00,3060.0,4.43,8.33,8.81,7.89,38.8,43.6,0.71,0.71,9.3,240,40,True,2025-11-07T00:05:00-05:00,39.2904,-76.6122,Home,home,False,AC,"Maple Heights, Baltimore MD",240,40,9.6,4.88,9.8,estimated
2bf1e787-591f-8d97-a641-64d142c5c529,demo_lightning_showcase,1,Home,2025-11-07T20:39:00-05:00,2025-11-07T21:18:00-05:00,2340.0,3.52,7.83,8.27,7.27,30.9,35.4,0.56,0.56,7.4,240,40,True,2025-11-07T21:18:00-05:00,39.2904,-76.6122,Home,home,False,AC,"Maple Heights, Baltimore MD",240,40,9.6,3.83,9.8,estimated
fc370c27-f6e9-6b4e-f712-aae2c04a6ce3,demo_lightning_showcase,1,Home,2025-11-07T22:07:00-05:00,2025-11-07T22:40:00-05:00,1980.0,2.95,8.74,8.85,8.64,35.4,38.7,0.47,0.47,6.2,240,40,True,2025-11-07T22:40:00-05:00,39.2904,-76.6122,Home,home,False,AC,"Maple Heights, Baltimore MD",240,40,9.6,3.22,9.8,estimated
5d14e21c-49e4-3d11-b4a9-65f7a03a5fd3,demo_lightning_showcase,1,Home,2025-11-09T22:53:00-05:00,2025-11-09T23:27:00-05:00,2040.0,2.68,8.49,8.94,8.05,42.9,46.1,0.31,0.43,5.6,240,40,True,2025-11-09T23:27:00-05:00,39.2904,-76.6122,Home,home,False,AC,"Maple Heights, Baltimore MD",240,40,9.6,2.97,9.8,estimated
1598da34-4ed3-f17f-7525-ea3f03ee34c7,demo_lightning_showcase,1,Home,2025-11-11T20:11:00-05:00,2025-11-11T20:57:00-05:00,2760.0,4.11,8.7,9.1,8.41,46.3,51.1,0.66,0.66,8.6,240,40,True,2025-11-11T20:57:00-05:00,39.2904,-76.6122,Home,home,False,AC,"Maple Heights, Baltimore MD",240,40,9.6,4.6,9.8,estimated
62043b76-f36b-4de4-0331-7c582de4f4a1,demo_lightning_showcase,2,Work,2025-11-12T11:01:00-05:00,2025-11-12T11:52:00-05:00,3060.0,3.74,6.12,6.62,5.2,52.6,56.2,0.0,0.0,7.9,208,32,True,2025-11-12T11:52:00-05:00,39.2798,-76.6061,Workplace Energy,work,True,AC,"Harbor Office Garage, Baltimore MD",208,32,6.6,4.13,7.0,stall_default
47615869-ddea-e5ab-483a-deda06c05efc,demo_lightning_showcase,1,Home,2025-11-12T20:15:00-05:00,2025-11-12T20:49:00-05:00,2040.0,2.3,8.94,9.21,8.67,49.7,53.0,0.27,0.37,4.8,240,40,True,2025-11-12T20:49:00-05:00,39.2904,-76.6122,Home,home,False,AC,"Maple Heights, Baltimore MD",240,40,9.6,2.46,9.8,estimated
65871918-e7fd-ea0e-c2c3-0ac15b639780,demo_lightning_showcase,1,Home,2025-11-12T22:18:00-05:00,2025-11-12T22:49:00-05:00,1860.0,1.93,8.23,8.92,7.54,53.0,56.2,0.31,0.31,4.1,240,40,True,2025-11-12T22:49:00-05:00,39.2904,-76.6122,Home,home,False,AC,"Maple Heights, Baltimore MD",240,40,9.6,2.08,9.8,estimated
2104dd4a-76cb-d677-ec1f-01495659bbe3,demo_lightning_showcase,2,Work,2025-11-14T10:31:00-05:00,2025-11-14T11:21:00-05:00,3000.0,3.65,6.27,6.35,6.16,53.0,56.7,0.0,0.0,7.7,208,32,True,2025-11-14T11:21:00-05:00,39.2798,-76.6061,Workplace Energy,work,True,AC,"Harbor Office Garage, Baltimore MD",208,32,6.6,3.87,7.0,stall_default
4b3dcfc1-0344-33e4-2eb0-fc553a71ed51,demo_lightning_showcase,1,Home,2025-11-14T22:37:00-05:00,2025-11-14T23:11:00-05:00,2040.0,2.11,7.23,7.43,7.02,53.1,55.9,0.34,0.34,4.4,240,40,True,2025-11-14T23:11:00-05:00,39.2904,-76.6122,Home,home,False,AC,"Maple Heights, Baltimore MD",240,40,9.6,2.22,9.8,estimated
57fea9eb-6106-b8c1-f937-250e5af9db10,demo_lightning_showcase,2,Work,2025-11-18T10:08:00-05:00,2025-11-18T11:18:00-05:00,4200.0,5.48,5.66,5.97,5.24,48.3,53.6,0.0,0.0,11.5,208,32,True,2025-11-18T11:18:00-05:00,39.2798,-76.6061,Workplace Energy,work,True,AC,"Harbor Office Garage, Baltimore MD",208,32,6.6,6.13,7.0,stall_default
96e7e9a4-326a-6459-f574-bb77f0afb08c,demo_lightning_showcase,1,Home,2025-11-19T22:47:00-05:00,2025-11-19T23:32:00-05:00,2700.0,4.45,8.4,9.23,7.64,35.2,39.9,0.71,0.71,9.3,240,40,False,2025-11-19T23:32:00-05:00,39.2904,-76.6122,Home,home,False,AC,"Maple Heights, Baltimore MD",240,40,9.6,4.74,9.8,estimated
d5e4a502-8b6b-2969-7f20-90410e6808f0,demo_lightning_showcase,1,Home,2025-11-21T20:31:00-05:00,2025-11-21T21:05:00-05:00,2040.0,2.28,7.75,7.91,7.6,28.8,31.8,0.36,0.36,4.8,240,40,True,2025-11-21T21:05:00-05:00,39.2904,-76.6122,Home,home,False,AC,"Maple Heights, Baltimore MD",240,40,9.6,2.43,9.8,estimated
213944a9-9471-50e7-dd37-4c7895d813b7,demo_lightning_showcase,1,Home,2025-11-21T22:49:00-05:00,2025-11-21T23:50:00-05:00,3660.0,6.14,8.6,8.82,8.15,31.8,38.4,0.98,0.98,12.9,240,40,True,2025-11-21T23:50:00-05:00,39.2904,-76.6122,Home,home,False,AC,"Maple Heights, Baltimore MD",240,40,9.6,6.63,9.8,estimated
62daff14-4d41-680f-596f-ea13b5b6e6aa,demo_lightning_showcase,1,Home,2025-11-22T22:48:00-05:00,2025-11-22T23:13:00-05:00,1500.0,1.42,7.36,7.63,7.1,30.8,33.7,0.23,0.23,3.0,240,40,True,2025-11-22T23:13:00-05:00,39.2904,-76.6122,Home,home,False,AC,"Maple Heights, Baltimore MD",240,40,9.6,1.54,9.8,estimated
252d221f-3116-572b-0c7c-e1d855d992b5,demo_lightning_showcase,105,Shell Recharge - Wilmington Plaza,2025-11-24T15:19:00-05:00,2025-11-24T15:45:00-05:00,1560.0,12.12,70.04,79.5,60.59,28.2,55.6,5.33,5.33,25.5,500,280,True,2025-11-24T15:45:00-05:00,39.7686,-75.5525,Shell Recharge,highway,False,DC,"Wilmington Travel Plaza, DE",500,280,125.0,13.55,150.0,stall_default
e0069076-a4ec-2eb7-1791-43dca13553b9,demo_lightning_showcase,1,Home,2025-11-26T22:48:00-05:00,2025-11-27T00:10:00-05:00,4920.0,9.35,8.35,9.15,7.59,37.5,45.1,1.5,1.5,19.6,240,40,True,2025-11-27T00:10:00-05:00,39.2904,-76.6122,Home,home,False,AC,"Maple Heights, Baltimore MD",240,40,9.6,9.85,9.8,estimated
68c7a4da-20fa-1c0b-57f0-13a899d684f5,demo_lightning_showcase,2,Work,2025-11-27T09:50:00-05:00,2025-11-27T10:19:00-05:00,1740.0,1.08,5.5,5.99,5.0,44.9,47.1,0.0,0.0,2.3,208,32,True,2025-11-27T10:19:00-05:00,39.2798,-76.6061,Workplace Energy,work,True,AC,"Harbor Office Garage, Baltimore MD",208,32,6.6,1.15,7.0,stall_default
dc7da84d-bdd5-4863-7c99-c0b1ad6f9b12,demo_lightning_showcase,1,Home,2025-11-27T23:39:00-05:00,2025-11-28T00:15:00-05:00,2160.0,2.57,8.05,8.1,8.01,57.5,60.3,0.28,0.41,5.4,240,40,True,2025-11-28T00:15:00-05:00,39.2904,-76.6122,Home,home,False,AC,"Maple Heights, Baltimore MD",240,40,9.6,2.87,9.8,estimated
72eef833-03df-0f7d-4179-47437fbd4a2a,demo_lightning_showcase,1,Home,2025-11-28T20:07:00-05:00,2025-11-28T20:41:00-05:00,2040.0,2.79,8.82,9.27,8.38,57.6,61.0,0.45,0.45,5.9,240,40,False,2025-11-28T20:41:00-05:00,39.2904,-76.6122,Home,home,False,AC,"Maple Heights, Baltimore MD",240,40,9.6,3.09,9.8,estimated
b1bd018a-5461-1642-7296-face83e82cb2,demo_lightning_showcase,2,Work,2025-12-02T11:45:00-05:00,2025-12-02T12:22:00-05:00,2220.0,1.86,6.1,6.22,5.99,25.9,28.2,0.0,0.0,3.9,208,32,True,2025-12-02T12:22:00-05:00,39.2798,-76.6061,Workplace Energy,work,True,AC,"Harbor Office Garage, Baltimore MD",208,32,6.6,1.98,7.0,stall_default
647798eb-f2b4-5d2f-6828-48b5c4aed2c5,demo_lightning_showcase,1,Home,2025-12-05T21:11:00-05:00,2025-12-05T22:42:00-05:00,5460.0,9.19,8.07,9.5,7.24,9.1,16.8,1.07,1.47,19.3,240,40,True,2025-12-05T22:42:00-05:00,39.2904,-76.6122,Home,home,False,AC,"Maple Heights, Baltimore MD",240,40,9.6,10.26,9.8,estimated
c4a7989c-4ae9-d83e-bda7-30afef7e59ab,demo_lightning_showcase,2,Work,2025-12-06T12:21:00-05:00,2025-12-06T12:59:00-05:00,2280.0,1.7,5.5,5.65,5.35,13.2,15.4,0.0,0.0,3.6,208,32,True,2025-12-06T12:59:00-05:00,39.2798,-76.6061,Workplace Energy,work,True,AC,"Harbor Office Garage, Baltimore MD",208,32,6.6,1.9,7.0,stall_default
e8e77b66-b615-7e00-42c5-879b079ba4e1,demo_lightning_showcase,2,Work,2025-12-08T09:04:00-05:00,2025-12-08T09:33:00-05:00,1740.0,1.2,6.14,6.27,6.01,13.1,15.5,0.0,0.0,2.5,208,32,True,2025-12-08T09:33:00-05:00,39.2798,-76.6061,Workplace Energy,work,True,AC,"Harbor Office Garage, Baltimore MD",208,32,6.6,1.3,7.0,stall_default
29e32489-e233-a656-713a-c728cae49084,demo_lightning_showcase,1,Home,2025-12-08T20:01:00-05:00,2025-12-08T21:10:00-05:00,4140.0,7.21,8.26,9.53,7.52,12.7,18.9,1.15,1.15,15.1,240,40,True,2025-12-08T21:10:00-05:00,39.2904,-76.6122,Home,home,False,AC,"Maple Heights, Baltimore MD",240,40,9.6,7.89,9.8,estimated
34db7dce-c531-b690-cde0-9faf01801f70,demo_lightning_showcase,1,Home,2025-12-09T21:17:00-05:00,2025-12-09T22:22:00-05:00,3900.0,7.53,8.63,9.36,7.33,18.9,25.6,1.2,1.2,15.8,240,40,True,2025-12-09T22:22:00-05:00,39.2904,-76.6122,Home,home,False,AC,"Maple Heights, Baltimore MD",240,40,9.6,8.18,9.8,estimated
df868173-eded-bd67-ca43-f46302c49530,demo_lightning_showcase,1,Home,2025-12-11T22:14:00-05:00,2025-12-11T23:02:00-05:00,2880.0,4.68,8.48,9.37,7.89,15.2,20.0,0.75,0.75,9.8,240,40,True,2025-12-11T23:02:00-05:00,39.2904,-76.6122,Home,home,False,AC,"Maple Heights, Baltimore MD",240,40,9.6,5.17,9.8,estimated
433f644e-1ac9-d8f5-6abe-844a68ced62a,demo_lightning_showcase,1,Home,2025-12-12T22:35:00-05:00,2025-12-12T23:46:00-05:00,4260.0,7.26,8.63,9.41,8.36,14.8,21.3,1.16,1.16,15.2,240,40,True,2025-12-12T23:46:00-05:00,39.2904,-76.6122,Home,home,False,AC,"Maple Heights, Baltimore MD",240,40,9.6,7.75,9.8,estimated
b30736dc-7f74-1b23-bc8e-edba08f2a0bc,demo_lightning_showcase,2,Work,2025-12-13T16:57:00-05:00,2025-12-13T17:33:00-05:00,2160.0,2.41,5.77,6.3,5.23,12.4,15.7,0.0,0.0,5.1,208,32,True,2025-12-13T17:33:00-05:00,39.2798,-76.6061,Workplace Energy,work,True,AC,"Harbor Office Garage, Baltimore MD",208,32,6.6,2.64,7.0,stall_default
771e1599-0fa8-5ca8-d0e8-f45cb83527ea,demo_lightning_showcase,1,Home,2025-12-15T22:00:00-05:00,2025-12-15T23:56:00-05:00,6960.0,13.49,8.06,8.77,7.18,7.6,18.2,2.16,2.16,28.3,240,40,True,2025-12-15T23:56:00-05:00,39.2904,-76.6122,Home,home,False,AC,"Maple Heights, Baltimore MD",240,40,9.6,14.23,9.8,estimated
35ab85df-62d8-3958-13a7-d090157995c0,demo_lightning_showcase,1,Home,2025-12-16T22:53:00-05:00,2025-12-16T23:20:00-05:00,1620.0,1.92,8.67,8.85,8.48,19.8,23.2,0.31,0.31,4.0,240,40,True,2025-12-16T23:20:00-05:00,39.2904,-76.6122,Home,home,False,AC,"Maple Heights, Baltimore MD",240,40,9.6,2.04,9.8,estimated
c9050fcc-afcd-67c0-5cd9-a09f1fd73b7d,demo_lightning_showcase,1,Home,2025-12-17T23:35:00-05:00,2025-12-18T00:05:00-05:00,1800.0,1.59,8.32,8.72,7.93,20.3,23.3,0.25,0.25,3.3,240,40,True,2025-12-18T00:05:00-05:00,39.2904,-76.6122,Home,home,False,AC,"Maple Heights, Baltimore MD",240,40,9.6,1.69,9.8,estimated
9147b329-fa4b-b4bb-45b2-5d897a928196,demo_lightning_showcase,2,Work,2025-12-19T09:04:00-05:00,2025-12-19T09:32:00-05:00,1680.0,1.52,5.92,6.08,5.76,16.3,18.6,0.0,0.0,3.2,208,32,True,2025-12-19T09:32:00-05:00,39.2798,-76.6061,Workplace Energy,work,True,AC,"Harbor Office Garage, Baltimore MD",208,32,6.6,1.65,7.0,stall_default
c48334eb-6725-2c73-9fbb-d7cab301e130,demo_lightning_showcase,1,Home,2025-12-21T22:32:00-05:00,2025-12-21T23:02:00-05:00,1800.0,2.58,8.6,8.61,8.58,29.1,32.1,0.41,0.41,5.4,240,40,True,2025-12-21T23:02:00-05:00,39.2904,-76.6122,Home,home,False,AC,"Maple Heights, Baltimore MD",240,40,9.6,2.74,9.8,estimated
666bff6d-da58-6acc-4b9e-0f85ff30a060,demo_lightning_showcase,2,Work,2025-12-25T09:11:00-05:00,2025-12-25T10:07:00-05:00,3360.0,4.17,5.96,6.76,5.25,16.2,20.9,0.0,0.0,8.8,208,32,True,2025-12-25T10:07:00-05:00,39.2798,-76.6061,Workplace Energy,work,True,AC,"Harbor Office Garage, Baltimore MD",208,32,6.6,4.56,7.0,stall_default
b7e1305b-72e3-a831-9d8f-aac72a862f49,demo_lightning_showcase,1,Home,2025-12-25T21:08:00-05:00,2025-12-25T22:08:00-05:00,3600.0,6.58,8.83,9.43,8.06,9.6,16.5,0.68,1.05,13.8,240,40,True,2025-12-25T22:08:00-05:00,39.2904,-76.6122,Home,home,False,AC,"Maple Heights, Baltimore MD",240,40,9.6,7.27,9.8,estimated
bd7fec45-376b-ff41-836f-67786accc20a,demo_lightning_showcase,1,Home,2025-12-26T21:34:00-05:00,2025-12-26T22:09:00-05:00,2100.0,2.93,8.47,8.78,8.15,25.9,29.4,0.47,0.47,6.2,240,40,False,2025-12-26T22:09:00-05:00,39.2904,-76.6122,Home,home,False,AC,"Maple Heights, Baltimore MD",240,40,9.6,3.13,9.8,estimated
f00c16ca-c3da-5831-5412-85207ae99e70,demo_lightning_showcase,1,Home,2025-12-29T20:56:00-05:00,2025-12-29T21:27:00-05:00,1860.0,1.83,8.15,8.43,7.87,26.5,29.7,0.29,0.29,3.8,240,40,True,2025-12-29T21:27:00-05:00,39.2904,-76.6122,Home,home,False,AC,"Maple Heights, Baltimore MD",240,40,9.6,1.97,9.8,estimated
7e327685-4df2-3106-c4f9-f2b5b6f14027,demo_lightning_showcase,1,Home,2025-12-29T23:18:00-05:00,2025-12-30T00:07:00-05:00,2940.0,4.61,8.46,8.95,8.02,29.7,34.4,0.74,0.74,9.7,240,40,True,2025-12-30T00:07:00-05:00,39.2904,-76.6122,Home,home,False,AC,"Maple Heights, Baltimore MD",240,40,9.6,5.16,9.8,estimated
894d8427-e190-80ab-3323-5a3d5ce88c61,demo_lightning_showcase,1,Home,2025-12-30T20:09:00-05:00,2025-12-30T21:36:00-05:00,5220.0,10.13,8.65,9.48,7.76,27.1,36.9,1.62,1.62,21.3,240,40,True,2025-12-30T21:36:00-05:00,39.2904,-76.6122,Home,home,False,AC,"Maple Heights, Baltimore MD",240,40,9.6,10.77,9.8,estimated
a2e6403e-00ca-d8d5-8381-19ac66d95d1d,demo_lightning_showcase,1,Home,2025-12-30T23:34:00-05:00,2025-12-31T00:06:00-05:00,1920.0,2.21,8.36,8.84,7.87,36.8,40.0,0.35,0.35,4.6,240,40,True,2025-12-31T00:06:00-05:00,39.2904,-76.6122,Home,home,False,AC,"Maple Heights, Baltimore MD",240,40,9.6,2.44,9.8,estimated
98e9ed98-caec-e127-0f17-2d0f8dbb73fe,demo_lightning_showcase,1,Home,2026-01-03T21:20:00-05:00,2026-01-03T21:56:00-05:00,2160.0,2.13,8.34,9.17,7.5,32.9,36.0,0.34,0.34,4.5,240,40,True,2026-01-03T21:56:00-05:00,39.2904,-76.6122,Home,home,False,AC,"Maple Heights, Baltimore MD",240,40,9.6,2.37,9.8,estimated
3f7e4fec-2948-c5e9-e8e7-1253727ba0bf,demo_lightning_showcase,1,Home,2026-01-05T21:01:00-05:00,2026-01-05T21:44:00-05:00,2580.0,3.48,8.28,9.23,7.54,20.5,25.3,0.56,0.56,7.3,240,40,True,2026-01-05T21:44:00-05:00,39.2904,-76.6122,Home,home,False,AC,"Maple Heights, Baltimore MD",240,40,9.6,3.7,9.8,estimated
ca969116-932d-b536-27c5-4c4fd5c2508b,demo_lightning_showcase,1,Home,2026-01-05T22:24:00-05:00,2026-01-05T22:50:00-05:00,1560.0,1.56,8.24,8.69,7.79,25.3,28.6,0.25,0.25,3.3,240,40,True,2026-01-05T22:50:00-05:00,39.2904,-76.6122,Home,home,False,AC,"Maple Heights, Baltimore MD",240,40,9.6,1.68,9.8,estimated
0d045e46-731a-75a2-c42a-134aa00934f1,demo_lightning_showcase,2,Work,2026-01-06T10:21:00-05:00,2026-01-06T10:52:00-05:00,1860.0,1.9,5.93,6.02,5.85,28.4,30.6,0.0,0.0,4.0,208,32,False,2026-01-06T10:52:00-05:00,39.2798,-76.6061,Workplace Energy,work,True,AC,"Harbor Office Garage, Baltimore MD",208,32,6.6,2.02,7.0,stall_default
ad24d3b3-5c7e-43d6-5056-69d6015e3268,demo_lightning_showcase,1,Home,2026-01-08T22:56:00-05:00,2026-01-08T23:28:00-05:00,1920.0,1.45,7.94,8.61,7.27,19.9,23.0,0.16,0.23,3.0,240,40,True,2026-01-08T23:28:00-05:00,39.2904,-76.6122,Home,home,False,AC,"Maple Heights, Baltimore MD",240,40,9.6,1.56,9.8,estimated
faf0ccbe-cb29-9dad-b590-9c9c6e7ff183,demo_lightning_showcase,1,Home,2026-01-09T23:14:00-05:00,2026-01-10T00:17:00-05:00,3780.0,5.62,7.66,8.13,7.25,46.0,51.7,0.9,0.9,11.8,240,40,True,2026-01-10T00:17:00-05:00,39.2904,-76.6122,Home,home,False,AC,"Maple Heights, Baltimore MD",240,40,9.6,6.2,9.8,estimated
43242d48-7d26-d219-338b-3f01142bd198,demo_lightning_showcase,2,Work,2026-01-12T09:15:00-05:00,2026-01-12T09:51:00-05:00,2160.0,1.72,5.81,6.19,5.43,33.9,36.1,0.0,0.0,3.6,208,32,True,2026-01-12T09:51:00-05:00,39.2798,-76.6061,Workplace Energy,work,True,AC,"Harbor Office Garage, Baltimore MD",208,32,6.6,1.89,7.0,stall_default
3d0b237d-b287-0b66-d091-3e2eab45cf7c,demo_lightning_showcase,1,Home,2026-01-12T22:50:00-05:00,2026-01-12T23:18:00-05:00,1680.0,1.56,7.86,8.52,7.19,28.1,31.3,0.25,0.25,3.3,240,40,True,2026-01-12T23:18:00-05:00,39.2904,-76.6122,Home,home,False,AC,"Maple Heights, Baltimore MD",240,40,9.6,1.72,9.8,estimated
cbd9b511-84aa-dbac-936a-74c04d3ca16c,demo_lightning_showcase,1,Home,2026-01-13T20:36:00-05:00,2026-01-13T21:31:00-05:00,3300.0,5.19,9.0,9.34,8.48,32.5,37.4,0.83,0.83,10.9,240,40,True,2026-01-13T21:31:00-05:00,39.2904,-76.6122,Home,home,False,AC,"Maple Heights, Baltimore MD",240,40,9.6,5.74,9.8,estimated
f1960089-d4c6-07f3-fc0d-16bb41c58cab,demo_lightning_showcase,1,Home,2026-01-14T20:45:00-05:00,2026-01-14T21:15:00-05:00,1800.0,1.73,8.75,8.83,8.67,33.7,37.2,0.28,0.28,3.6,240,40,True,2026-01-14T21:15:00-05:00,39.2904,-76.6122,Home,home,False,AC,"Maple Heights, Baltimore MD",240,40,9.6,1.91,9.8,estimated
afae1721-2aa3-e30f-6583-d276cc81dbbc,demo_lightning_showcase,1,Home,2026-01-19T20:00:00-05:00,2026-01-19T20:28:00-05:00,1680.0,1.92,8.74,9.58,7.91,13.9,17.3,0.31,0.31,4.0,240,40,True,2026-01-19T20:28:00-05:00,39.2904,-76.6122,Home,home,False,AC,"Maple Heights, Baltimore MD",240,40,9.6,2.09,9.8,estimated
87b4423e-7426-c878-f933-bb5766aab5f4,demo_lightning_showcase,1,Home,2026-01-19T23:41:00-05:00,2026-01-20T00:09:00-05:00,1680.0,1.57,8.24,8.65,7.83,17.3,20.3,0.25,0.25,3.3,240,40,True,2026-01-20T00:09:00-05:00,39.2904,-76.6122,Home,home,False,AC,"Maple Heights, Baltimore MD",240,40,9.6,1.75,9.8,estimated
e7e41f41-4fa1-8ec3-7c72-d09636adcbb2,demo_lightning_showcase,1,Home,2026-01-20T20:45:00-05:00,2026-01-20T22:25:00-05:00,6000.0,11.15,8.07,9.49,7.25,6.7,16.0,1.78,1.78,23.4,240,40,True,2026-01-20T22:25:00-05:00,39.2904,-76.6122,Home,home,False,AC,"Maple Heights, Baltimore MD",240,40,9.6,11.89,9.8,estimated
533648da-4ed9-91d1-bbc6-942f767f7c36,demo_lightning_showcase,2,Work,2026-01-22T09:14:00-05:00,2026-01-22T10:02:00-05:00,2880.0,3.19,5.89,6.72,5.11,11.8,15.0,0.0,0.0,6.7,208,32,True,2026-01-22T10:02:00-05:00,39.2798,-76.6061,Workplace Energy,work,True,AC,"Harbor Office Garage, Baltimore MD",208,32,6.6,3.4,7.0,stall_default
19ca2f9a-cfa9-1174-3c45-9d2157ea937a,demo_lightning_showcase,1,Home,2026-01-22T20:34:00-05:00,2026-01-22T21:13:00-05:00,2340.0,3.03,8.78,9.58,7.97,12.0,15.2,0.32,0.48,6.4,240,40,True,2026-01-22T21:13:00-05:00,39.2904,-76.6122,Home,home,False,AC,"Maple Heights, Baltimore MD",240,40,9.6,3.3,9.8,estimated
bbddddbc-ba6b-41ed-30af-97bd256b0056,demo_lightning_showcase,1,Home,2026-01-23T20:04:00-05:00,2026-01-23T21:40:00-05:00,5760.0,11.66,8.47,9.56,7.75,5.1,16.4,1.87,1.87,24.5,240,40,True,2026-01-23T21:40:00-05:00,39.2904,-76.6122,Home,home,False,AC,"Maple Heights, Baltimore MD",240,40,9.6,12.4,9.8,estimated
472a7d0e-cfba-6979-5b33-89906397f7a8,demo_lightning_showcase,2,Work,2026-01-24T11:11:00-05:00,2026-01-24T12:10:00-05:00,3540.0,4.66,6.02,6.24,5.85,10.7,15.5,0.0,0.0,9.8,208,32,True,2026-01-24T12:10:00-05:00,39.2798,-76.6061,Workplace Energy,work,True,AC,"Harbor Office Garage, Baltimore MD",208,32,6.6,4.91,7.0,stall_default
c34ac800-da4c-717b-7855-cfc3e8c62f8f,demo_lightning_showcase,2,Work,2026-01-26T10:27:00-05:00,2026-01-26T10:51:00-05:00,1440.0,1.24,5.94,6.19,5.69,22.4,24.8,0.0,0.0,2.6,208,32,True,2026-01-26T10:51:00-05:00,39.2798,-76.6061,Workplace Energy,work,True,AC,"Harbor Office Garage, Baltimore MD",208,32,6.6,1.36,7.0,stall_default
15874da1-fbb1-fbbb-8dfe-ab752547e4f6,demo_lightning_showcase,1,Home,2026-01-26T20:52:00-05:00,2026-01-26T22:49:00-05:00,7020.0,13.93,8.6,9.57,7.59,10.9,22.2,2.23,2.23,29.3,240,40,True,2026-01-26T22:49:00-05:00,39.2904,-76.6122,Home,home,False,AC,"Maple Heights, Baltimore MD",240,40,9.6,15.16,9.8,estimated
8793dfbc-67e8-2135-40bd-93b430f14d9e,demo_lightning_showcase,1,Home,2026-01-29T20:57:00-05:00,2026-01-29T21:39:00-05:00,2520.0,3.56,8.71,9.57,7.6,20.0,24.9,0.46,0.57,7.5,240,40,True,2026-01-29T21:39:00-05:00,39.2904,-76.6122,Home,home,False,AC,"Maple Heights, Baltimore MD",240,40,9.6,3.76,9.8,estimated
faa1dc0c-68a9-4e30-b29f-b5e14e413488,demo_lightning_showcase,1,Home,2026-02-04T20:23:00-05:00,2026-02-04T21:15:00-05:00,3120.0,5.38,8.71,9.4,8.15,20.9,26.0,0.86,0.86,11.3,240,40,True,2026-02-04T21:15:00-05:00,39.2904,-76.6122,Home,home,False,AC,"Maple Heights, Baltimore MD",240,40,9.6,5.67,9.8,estimated
01da0601-6ee0-c86d-4c94-6127ed415415,demo_lightning_showcase,1,Home,2026-02-07T20:34:00-05:00,2026-02-07T21:05:00-05:00,1860.0,2.54,8.19,8.97,7.41,37.2,40.4,0.41,0.41,5.3,240,40,True,2026-02-07T21:05:00-05:00,39.2904,-76.6122,Home,home,False,AC,"Maple Heights, Baltimore MD",240,40,9.6,2.67,9.8,estimated
4e22b681-72af-cd7e-4ea8-8e533ab022ad,demo_lightning_showcase,1,Home,2026-02-10T21:28:00-05:00,2026-02-10T22:06:00-05:00,2280.0,2.12,7.99,8.91,7.08,22.1,25.1,0.34,0.34,4.5,240,40,True,2026-02-10T22:06:00-05:00,39.2904,-76.6122,Home,home,False,AC,"Maple Heights, Baltimore MD",240,40,9.6,2.28,9.8,estimated
f76ca52c-0750-2b9b-79b9-5c5e8bd01085,demo_lightning_showcase,1,Home,2026-02-10T23:36:00-05:00,2026-02-11T00:07:00-05:00,1860.0,1.83,8.13,8.45,7.81,25.0,28.2,0.29,0.29,3.8,240,40,True,2026-02-11T00:07:00-05:00,39.2904,-76.6122,Home,home,False,AC,"Maple Heights, Baltimore MD",240,40,9.6,1.95,9.8,estimated
201089be-9a3b-66d7-89b5-e785bcf41443,demo_lightning_showcase,1,Home,2026-02-11T22:46:00-05:00,2026-02-11T23:12:00-05:00,1560.0,1.82,7.56,7.78,7.34,27.1,29.9,0.29,0.29,3.8,240,40,True,2026-02-11T23:12:00-05:00,39.2904,-76.6122,Home,home,False,AC,"Maple Heights, Baltimore MD",240,40,9.6,1.91,9.8,estimated
8467d789-1c44-8ae9-dd4d-a74b25b135a3,demo_lightning_showcase,2,Work,2026-02-13T10:08:00-05:00,2026-02-13T10:34:00-05:00,1560.0,1.13,6.01,6.37,5.64,24.7,27.1,0.0,0.0,2.4,208,32,True,2026-02-13T10:34:00-05:00,39.2798,-76.6061,Workplace Energy,work,True,AC,"Harbor Office Garage, Baltimore MD",208,32,6.6,1.26,7.0,stall_default
2bf2343e-a2f3-965d-a396-7eb69b401283,demo_lightning_showcase,101,Tesla Supercharger - Reston VA,2026-02-15T10:51:00-05:00,2026-02-15T11:23:00-05:00,1920.0,16.41,77.35,82.06,72.65,23.9,54.4,6.4,6.4,34.5,400,350,True,2026-02-15T11:23:00-05:00,38.9586,-77.357,Tesla Supercharger,highway,False,DC,"Reston Town Center, Reston VA",400,350,140.0,17.65,250.0,stall_default
55ad0f42-133b-d4b4-bb7d-66dcb3761629,demo_lightning_showcase,1,Home,2026-02-15T22:59:00-05:00,2026-02-15T23:40:00-05:00,2460.0,4.01,8.47,9.14,7.4,52.6,57.6,0.64,0.64,8.4,240,40,True,2026-02-15T23:40:00-05:00,39.2904,-76.6122,Home,home,False,AC,"Maple Heights, Baltimore MD",240,40,9.6,4.29,9.8,estimated
b4bfc97c-0ffc-a8be-faea-ae92eb6359b9,demo_lightning_showcase,1,Home,2026-02-16T22:11:00-05:00,2026-02-16T22:38:00-05:00,1620.0,1.76,7.21,7.38,7.04,58.2,60.9,0.28,0.28,3.7,240,40,True,2026-02-16T22:38:00-05:00,39.2904,-76.6122,Home,home,False,AC,"Maple Heights, Baltimore MD",240,40,9.6,1.96,9.8,estimated
d6e6c68f-86db-3266-012c-26719be8700b,demo_lightning_showcase,1,Home,2026-02-17T20:50:00-05:00,2026-02-17T21:23:00-05:00,1980.0,1.84,7.57,7.78,7.35,58.3,61.3,0.29,0.29,3.9,240,40,True,2026-02-17T21:23:00-05:00,39.2904,-76.6122,Home,home,False,AC,"Maple Heights, Baltimore MD",240,40,9.6,1.94,9.8,estimated
22b954a7-99b5-8f19-9ba8-d806424b9b6b,demo_lightning_showcase,2,Work,2026-02-18T11:40:00-05:00,2026-02-18T12:14:00-05:00,2040.0,1.79,6.53,6.71,6.34,48.6,51.2,0.0,0.0,3.8,208,32,True,2026-02-18T12:14:00-05:00,39.2798,-76.6061,Workplace Energy,work,True,AC,"Harbor Office Garage, Baltimore MD",208,32,6.6,1.97,7.0,stall_default
e8106465-6620-1fd8-3a41-6959b9098365,demo_lightning_showcase,1,Home,2026-02-19T20:26:00-05:00,2026-02-19T21:00:00-05:00,2040.0,2.69,8.55,9.5,7.6,61.6,65.1,0.43,0.43,5.6,240,40,True,2026-02-19T21:00:00-05:00,39.2904,-76.6122,Home,home,False,AC,"Maple Heights, Baltimore MD",240,40,9.6,2.94,9.8,estimated
4216123e-11a0-f521-0ac7-0e54c6c027c9,demo_lightning_showcase,1,Home,2026-02-20T23:11:00-05:00,2026-02-20T23:41:00-05:00,1800.0,1.66,8.39,9.12,7.67,57.0,60.3,0.27,0.27,3.5,240,40,True,2026-02-20T23:41:00-05:00,39.2904,-76.6122,Home,home,False,AC,"Maple Heights, Baltimore MD",240,40,9.6,1.81,9.8,estimated
d3178b29-7b5a-d40b-4b60-6dc004b1bb94,demo_lightning_showcase,1,Home,2026-02-23T20:23:00-05:00,2026-02-23T20:50:00-05:00,1620.0,1.81,7.39,7.76,7.01,43.2,46.0,0.29,0.29,3.8,240,40,True,2026-02-23T20:50:00-05:00,39.2904,-76.6122,Home,home,False,AC,"Maple Heights, Baltimore MD",240,40,9.6,1.92,9.8,estimated
5db66eac-863b-64aa-8175-e83fed57a2f9,demo_lightning_showcase,2,Work,2026-02-28T14:27:00-05:00,2026-02-28T15:02:00-05:00,2100.0,2.22,6.35,6.65,6.05,4.8,7.2,0.0,0.0,4.7,208,32,True,2026-02-28T15:02:00-05:00,39.2798,-76.6061,Workplace Energy,work,True,AC,"Harbor Office Garage, Baltimore MD",208,32,6.6,2.41,7.0,stall_default
524af5ff-5c9d-36a1-01fe-8c245d9336c6,demo_lightning_showcase,102,Electrify America - Baltimore Harbor,2026-03-01T15:39:00-04:00,2026-03-01T16:10:00-04:00,1860.0,23.93,105.51,126.57,84.46,17.7,57.5,11.49,11.49,50.3,800,350,True,2026-03-01T16:10:00-04:00,39.2866,-76.5995,Electrify America,highway,False,DC,"Harbor East Garage, Baltimore MD",800,350,180.0,26.76,350.0,stall_default
b9bef548-5733-1f5b-ca5b-4df12343f9c5,demo_lightning_showcase,1,Home,2026-03-01T22:56:00-04:00,2026-03-01T23:31:00-04:00,2100.0,2.61,8.14,8.43,7.84,57.3,60.4,0.42,0.42,5.5,240,40,True,2026-03-01T23:31:00-04:00,39.2904,-76.6122,Home,home,False,AC,"Maple Heights, Baltimore MD",240,40,9.6,2.86,9.8,estimated
f81ecf62-456f-1f69-7269-c7b83389d55d,demo_lightning_showcase,2,Work,2026-03-02T11:08:00-04:00,2026-03-02T11:54:00-04:00,2760.0,3.49,6.16,6.59,5.69,60.2,63.4,0.0,0.0,7.3,208,32,True,2026-03-02T11:54:00-04:00,39.2798,-76.6061,Workplace Energy,work,True,AC,"Harbor Office Garage, Baltimore MD",208,32,6.6,3.72,7.0,stall_default
2f82084b-9c02-1438-e97b-9b9ec72f0bbc,demo_lightning_showcase,1,Home,2026-03-02T22:25:00-04:00,2026-03-02T23:03:00-04:00,2280.0,2.79,7.79,8.37,7.22,63.2,66.2,0.45,0.45,5.9,240,40,True,2026-03-02T23:03:00-04:00,39.2904,-76.6122,Home,home,False,AC,"Maple Heights, Baltimore MD",240,40,9.6,3.04,9.8,estimated
62d060f0-8369-6e4c-dc29-e65f7aa55f44,demo_lightning_showcase,1,Home,2026-03-04T22:15:00-04:00,2026-03-04T22:43:00-04:00,1680.0,1.92,8.26,8.27,8.24,61.7,64.7,0.19,0.31,4.0,240,40,True,2026-03-04T22:43:00-04:00,39.2904,-76.6122,Home,home,False,AC,"Maple Heights, Baltimore MD",240,40,9.6,2.12,9.8,estimated
18b22b3b-ab06-6633-d283-3d31015f357a,demo_lightning_showcase,2,Work,2026-03-05T11:23:00-04:00,2026-03-05T12:16:00-04:00,3180.0,3.29,5.91,6.17,5.72,64.5,68.0,0.0,0.0,6.9,208,32,True,2026-03-05T12:16:00-04:00,39.2798,-76.6061,Workplace Energy,work,True,AC,"Harbor Office Garage, Baltimore MD",208,32,6.6,3.52,7.0,stall_default
10cf2091-f502-1769-831b-0e0c35f52991,demo_lightning_showcase,1,Home,2026-03-05T22:07:00-04:00,2026-03-05T23:11:00-04:00,3840.0,6.82,8.71,9.44,7.1,69.2,76.0,1.09,1.09,14.3,240,40,True,2026-03-05T23:11:00-04:00,39.2904,-76.6122,Home,home,False,AC,"Maple Heights, Baltimore MD",240,40,9.6,7.6,9.8,estimated
bf2ea083-6028-6946-9d3b-78a15d078ef3,demo_lightning_showcase,1,Home,2026-03-08T22:54:00-04:00,2026-03-08T23:48:00-04:00,3240.0,5.4,8.27,9.17,7.29,66.9,71.6,0.86,0.86,11.3,240,40,True,2026-03-08T23:48:00-04:00,39.2904,-76.6122,Home,home,False,AC,"Maple Heights, Baltimore MD",240,40,9.6,5.94,9.8,estimated
9ea44fcc-5987-e11b-250b-268644f4e823,demo_lightning_showcase,1,Home,2026-03-09T20:53:00-04:00,2026-03-09T21:24:00-04:00,1860.0,2.86,8.85,9.02,8.69,60.1,63.6,0.36,0.46,6.0,240,40,True,2026-03-09T21:24:00-04:00,39.2904,-76.6122,Home,home,False,AC,"Maple Heights, Baltimore MD",240,40,9.6,3.09,9.8,estimated
